#
# A fatal error has been detected by the Java Runtime Environment:
#
#  EXCEPTION_ACCESS_VIOLATION (0xc0000005) at pc=0x00007ffb2c77e4f9, pid=30152, tid=13432
#
# JRE version: Java(TM) SE Runtime Environment (26.0.1+8) (build 26.0.1+8-34)
# Java VM: Java HotSpot(TM) 64-Bit Server VM (26.0.1+8-34, mixed mode, sharing, tiered, compressed oops, compressed class ptrs, g1 gc, windows-amd64)
# Problematic frame:
# C  [awt.dll+0xde4f9]
#
# No core dump will be written. Minidumps are not enabled by default on client versions of Windows
#
# If you would like to submit a bug report, please visit:
#   https://bugreport.java.com/bugreport/crash.jsp
# The crash happened outside the Java Virtual Machine in native code.
# See problematic frame for where to report the bug.
#

---------------  S U M M A R Y ------------

Command Line: -XX:+ShowCodeDetailsInExceptionMessages InkVaultApp

Host: 11th Gen Intel(R) Core(TM) i7-1185G7 @ 3.00GHz, 8 cores, 15G,  Windows 11 , 64 bit Build 26100 (10.0.26100.8246)
Time: Sat May  9 20:24:58 2026 Egypt Daylight Time elapsed time: 12.400919 seconds (0d 0h 0m 12s)

---------------  T H R E A D  ---------------

Current thread (0x00000194bed3c4f0):  JavaThread "AWT-EventQueue-0"        [_thread_in_native, id=13432, stack(0x00000067f0e00000,0x00000067f0f00000) (1024K)]

Stack: [0x00000067f0e00000,0x00000067f0f00000],  sp=0x00000067f0eff0e0,  free space=1020k
Native frames: (J=compiled Java code, j=interpreted, Vv=VM code, C=native code)
C  [awt.dll+0xde4f9]  (no source info available)
C  [awt.dll+0xdd8a2]  (no source info available)
C  0x00000194a91bd5f3  (no source info available)

The last pc belongs to native method entry point (kind = native) (printed below).
Java frames: (J=compiled Java code, j=interpreted, Vv=VM code)
j  sun.awt.Win32GraphicsConfig.getBounds(I)Ljava/awt/Rectangle;+0 java.desktop@26.0.1
j  sun.awt.Win32GraphicsConfig.getBounds()Ljava/awt/Rectangle;+8 java.desktop@26.0.1
j  sun.awt.Win32GraphicsDevice.displayChanged()V+23 java.desktop@26.0.1
j  sun.awt.Win32GraphicsEnvironment.displayChanged()V+271 java.desktop@26.0.1
j  sun.awt.windows.WToolkit.lambda$displayChanged$0()V+15 java.desktop@26.0.1
j  sun.awt.windows.WToolkit$$Lambda+0x000000001a03ad28.run()V+0 java.desktop@26.0.1
J 2626 c1 java.awt.event.InvocationEvent.dispatch()V java.desktop@26.0.1 (69 bytes) @ 0x00000194a2080d14 [0x00000194a2080b00+0x0000000000000214]
J 2408 c1 java.awt.EventQueue.dispatchEventImpl(Ljava/awt/AWTEvent;Ljava/lang/Object;)V java.desktop@26.0.1 (139 bytes) @ 0x00000194a20181a4 [0x00000194a2016900+0x00000000000018a4]
J 2407 c1 java.awt.EventQueue.dispatchEvent(Ljava/awt/AWTEvent;)V java.desktop@26.0.1 (48 bytes) @ 0x00000194a20165cc [0x00000194a2016380+0x000000000000024c]
J 2409 c1 java.awt.EventDispatchThread.pumpOneEventForFilters(I)V java.desktop@26.0.1 (106 bytes) @ 0x00000194a2019294 [0x00000194a2018a80+0x0000000000000814]
j  java.awt.EventDispatchThread.pumpEventsForFilter(ILjava/awt/Conditional;Ljava/awt/EventFilter;)V+35 java.desktop@26.0.1
j  java.awt.EventDispatchThread.pumpEventsForHierarchy(ILjava/awt/Conditional;Ljava/awt/Component;)V+11 java.desktop@26.0.1
j  java.awt.EventDispatchThread.pumpEvents(ILjava/awt/Conditional;)V+4 java.desktop@26.0.1
j  java.awt.EventDispatchThread.pumpEvents(Ljava/awt/Conditional;)V+3 java.desktop@26.0.1
j  java.awt.EventDispatchThread.run()V+9 java.desktop@26.0.1
v  ~StubRoutines::Stub Generator call_stub_stub 0x00000194a91b18e2

siginfo: EXCEPTION_ACCESS_VIOLATION (0xc0000005), reading address 0x0000000000000028


Registers:
RAX=0x0000000000000000, RBX=0x00000194beeef360, RCX=0x0000000000000000, RDX=0x0000000000000000
RSP=0x00000067f0eff0e0, RBP=0x0000000000000000, RSI=0x0000000000000000, RDI=0x0000000000000000
R8 =0x0000000000000001, R9 =0x00000067eeff7000, R10=0x0000000000000006, R11=0x000000000000002d
R12=0x0000000000000000, R13=0x0000000000000053, R14=0x00000194b90949d0, R15=0x0000000000000000
RIP=0x00007ffb2c77e4f9, EFLAGS=0x0000000000010246

XMM[0]=0x0000000000000000 0x0000000000000000
XMM[1]=0x0000000000000000 0x00000067f0eff1b0
XMM[2]=0x0000000000000000 0x0000000000000000
XMM[3]=0x0000000000000000 0x0000000000000000
XMM[4]=0x0000000000000000 0x0000000000000000
XMM[5]=0x0000000000000000 0x0000000000000000
XMM[6]=0x0000000000000000 0x402399999999999a
XMM[7]=0x0000000000000000 0x40706ccccccccccd
XMM[8]=0x0000000000000000 0xc03a014af2000000
XMM[9]=0x0000000000000000 0x40201f6f36200000
XMM[10]=0x0000000000000000 0x40729704864f0000
XMM[11]=0x0000000000000000 0x4106f2d00a579000
XMM[12]=0x0000000000000000 0x4050918c08000000
XMM[13]=0x0000000000000000 0x4070000000000000
XMM[14]=0x0000000000000000 0x4086e80000000000
XMM[15]=0x0000000000000000 0x4043200000000000
  MXCSR=0x00001fa7


Register to memory mapping:

RAX=0x0 is null
RBX=0x00000194beeef360 points into unknown readable memory: 0x00000194bee2c890 | 90 c8 e2 be 94 01 00 00
RCX=0x0 is null
RDX=0x0 is null
RSP=0x00000067f0eff0e0 is pointing into the stack for thread: 0x00000194bed3c4f0
RBP=0x0 is null
RSI=0x0 is null
RDI=0x0 is null
R8 =0x0000000000000001 is an unknown value
R9 =0x00000067eeff7000 points into unknown readable memory: 0x0000000000000000 | 00 00 00 00 00 00 00 00
R10=0x0000000000000006 is an unknown value
R11=0x000000000000002d is an unknown value
R12=0x0 is null
R13=0x0000000000000053 is an unknown value
R14=0x00000194b90949d0 points into unknown readable memory: 0x000000070491b478 | 78 b4 91 04 07 00 00 00
R15=0x0 is null

Top of Stack: (sp=0x00000067f0eff0e0)
0x00000067f0eff0e0:   00007ffb2c7dd838 00000194beeef360   8.},....`.......
0x00000067f0eff0f0:   00000194b90949d0 00000194beeef360   .I......`.......
0x00000067f0eff100:   00000194bed3c920 00007ffb2c77d8a2    .........w,....
0x00000067f0eff110:   00000194beeef360 00000194beeef360   `.......`.......
0x00000067f0eff120:   0000000000000000 00007ffa9b8f0000   ................
0x00000067f0eff130:   0000000000000104 00000000000000b6   ................
0x00000067f0eff140:   00000067f0eff250 00007ffa9bd7a2fb   P...g...........
0x00000067f0eff150:   0000000000000000 0000000000000000   ................
0x00000067f0eff160:   00000ef7be16c755 00000194b9a39f10   U...............
0x00000067f0eff170:   00000194bed3c4f0 00000067f0eff258   ........X...g...
0x00000067f0eff180:   00000194ba7be248 0000000000000000   H.{.............
0x00000067f0eff190:   000000000000382a 0000000000000104   *8..............
0x00000067f0eff1a0:   00000067f0eff230 00000194a91bd5f3   0...g...........
0x00000067f0eff1b0:   00000067f0eff1c8 00000194ba7be248   ....g...H.{.....
0x00000067f0eff1c0:   00000194a91b8e18 0000000000000000   ................
0x00000067f0eff1d0:   000000070497f448 000000070550a980   H.........P.....
0x00000067f0eff1e0:   000000070550a980 fffffffffffffff7   ..P.............
0x00000067f0eff1f0:   0000000000000000 0000000000000005   ................
0x00000067f0eff200:   00000194ba7c0a58 0000000000000000   X.|.............
0x00000067f0eff210:   0000000704862510 00000194ba7be248   .%......H.{.....
0x00000067f0eff220:   0000000000000000 00000067f0eff250   ........P...g...
0x00000067f0eff230:   00000067f0eff2a8 00000194a91b8fb2   ....g...........
0x00000067f0eff240:   0000000000000000 00000194a91baa5a   ........Z.......
0x00000067f0eff250:   0000000000000000 000000070550a980   ..........P.....
0x00000067f0eff260:   fffffffffffffff7 00000194ba7be2f0   ..........{.....
0x00000067f0eff270:   0000000000000002 00000194ba7c0a58   ........X.|.....
0x00000067f0eff280:   0000000000000000 0000000704862510   .........%......
0x00000067f0eff290:   00000194ba7be308 fffffffffffffff5   ..{.............
0x00000067f0eff2a0:   00000067f0eff2b8 00000067f0eff308   ....g.......g...
0x00000067f0eff2b0:   00000194a91b8fb2 000000070550a980   ..........P.....
0x00000067f0eff2c0:   fffffffffffffff7 00000194ba79bdc7   ..........y.....
0x00000067f0eff2d0:   0000000000000003 00000194ba79d508   ..........y.....

Instructions: (pc=0x00007ffb2c77e4f9)
  0x00007ffb2c77e3f9:   cc cc cc cc cc cc cc 48 89 5c 24 08 48 89 6c 24
  0x00007ffb2c77e409:   10 48 89 74 24 18 57 48 83 ec 20 41 8b f8 0f b6
  0x00007ffb2c77e419:   f2 48 8b e9 e8 be 9f f4 ff 48 8b d8 48 89 44 24
  0x00007ffb2c77e429:   48 41 b8 01 00 00 00 8b d7 48 8b c8 e8 16 9f f4
  0x00007ffb2c77e439:   ff 44 0f b6 c6 48 8b d5 48 8b c8 e8 77 fa ff ff
  0x00007ffb2c77e449:   48 8b f8 48 8b cb e8 4c a1 f4 ff 90 48 8b c7 48
  0x00007ffb2c77e459:   8b 5c 24 30 48 8b 6c 24 38 48 8b 74 24 40 48 83
  0x00007ffb2c77e469:   c4 20 5f c3 cc cc cc 48 8b 49 28 e9 17 07 00 00
  0x00007ffb2c77e479:   cc cc cc cc cc cc cc 48 89 5c 24 08 57 48 83 ec
  0x00007ffb2c77e489:   20 8b f9 e8 4f 9f f4 ff 48 8b d8 48 89 44 24 38
  0x00007ffb2c77e499:   41 b8 01 00 00 00 8b d7 48 8b c8 e8 a7 9e f4 ff
  0x00007ffb2c77e4a9:   48 8b 08 8b 39 48 8b cb e8 ea a0 f4 ff 90 8b c7
  0x00007ffb2c77e4b9:   48 8b 5c 24 30 48 83 c4 20 5f c3 cc cc cc cc cc
  0x00007ffb2c77e4c9:   cc cc cc cc cc cc cc 48 89 5c 24 08 57 48 83 ec
  0x00007ffb2c77e4d9:   20 8b f9 e8 ff 9e f4 ff 48 8b d8 48 89 44 24 38
  0x00007ffb2c77e4e9:   41 b8 01 00 00 00 8b d7 48 8b c8 e8 57 9e f4 ff
=>0x00007ffb2c77e4f9:   48 8b 78 28 48 8b cb e8 9b a0 f4 ff 90 48 8b c7
  0x00007ffb2c77e509:   48 8b 5c 24 30 48 83 c4 20 5f c3 cc cc cc cc cc
  0x00007ffb2c77e519:   cc cc cc cc cc cc cc 48 89 5c 24 08 57 48 83 ec
  0x00007ffb2c77e529:   20 8b f9 e8 af 9e f4 ff 48 8b d8 48 89 44 24 38
  0x00007ffb2c77e539:   41 b8 01 00 00 00 8b d7 48 8b c8 e8 07 9e f4 ff
  0x00007ffb2c77e549:   48 8b 78 30 48 8b cb e8 4b a0 f4 ff 90 48 8b c7
  0x00007ffb2c77e559:   48 8b 5c 24 30 48 83 c4 20 5f c3 cc cc cc cc cc
  0x00007ffb2c77e569:   cc cc cc cc cc cc cc 48 89 5c 24 08 57 48 83 ec
  0x00007ffb2c77e579:   20 8b f9 e8 5f 9e f4 ff 48 8b d8 48 89 44 24 38
  0x00007ffb2c77e589:   41 b8 01 00 00 00 8b d7 48 8b c8 e8 b7 9d f4 ff
  0x00007ffb2c77e599:   48 8b 78 08 48 85 ff 74 07 48 8b bf 08 0c 00 00
  0x00007ffb2c77e5a9:   48 8b cb e8 ef 9f f4 ff 90 48 8b c7 48 8b 5c 24
  0x00007ffb2c77e5b9:   30 48 83 c4 20 5f c3 f3 0f 10 41 48 c3 cc cc cc
  0x00007ffb2c77e5c9:   cc cc cc cc cc cc cc f3 0f 10 41 4c c3 cc cc cc
  0x00007ffb2c77e5d9:   cc cc cc cc cc cc cc 48 89 5c 24 10 48 89 74 24
  0x00007ffb2c77e5e9:   18 55 57 41 56 48 8d 6c 24 e0 48 81 ec 20 01 00


Stack slot to memory mapping:

stack at sp + 0 slots: 0x00007ffb2c7dd838 awt.dll
stack at sp + 1 slots: 0x00000194beeef360 points into unknown readable memory: 0x00000194bee2c890 | 90 c8 e2 be 94 01 00 00
stack at sp + 2 slots: 0x00000194b90949d0 points into unknown readable memory: 0x000000070491b478 | 78 b4 91 04 07 00 00 00
stack at sp + 3 slots: 0x00000194beeef360 points into unknown readable memory: 0x00000194bee2c890 | 90 c8 e2 be 94 01 00 00
stack at sp + 4 slots: 0x00000194bed3c920 points into unknown readable memory: 0x00007ffa9c6384d0 | d0 84 63 9c fa 7f 00 00
stack at sp + 5 slots: 0x00007ffb2c77d8a2 awt.dll
stack at sp + 6 slots: 0x00000194beeef360 points into unknown readable memory: 0x00000194bee2c890 | 90 c8 e2 be 94 01 00 00
stack at sp + 7 slots: 0x00000194beeef360 points into unknown readable memory: 0x00000194bee2c890 | 90 c8 e2 be 94 01 00 00

Lock stack of current Java thread (top to bottom):

native method entry point (kind = native)  [0x00000194a91bd220, 0x00000194a91bde18]  3064 bytes

Loading hsdis library failed, undisassembled code is shown in MachCode section
[MachCode]
  0x00000194a91bd220: 488b 4b08 | 0fb7 492e | 584c 8d74 | ccf8 6800 | 0000 0068 | 0000 0000 | 5055 488b | ec41 5548 
  0x00000194a91bd240: 8b43 084c | 8d68 3848 | 8b40 0868 | 0000 0000 | 5348 8b50 | 1848 8b52 | 7048 8b12 | 5248 8b53 
  0x00000194a91bd260: 1048 85d2 | 7407 4881 | c2d0 0000 | 0052 488b | 5010 5249 | 8bc6 482b | c548 c1e8 | 0350 6800 
  0x00000194a91bd280: 0000 0068 | f7ff ffff | 41c6 87ca | 0400 0001 | 488b 4310 | 4885 c074 | 208b 8890 | 0000 0083 
  0x00000194a91bd2a0: c102 8988 | 9000 0000 | 2388 a400 | 0000 0f84 | b30a 0000 | e9cf 0000 | 0048 8b43 | 1848 85c0 
  0x00000194a91bd2c0: 0f85 b000 | 0000 e805 | 0000 00e9 | 9900 0000 | 488b d348 | 8d44 2408 | 4c89 6dc0 | 498b cfc5 
  0x00000194a91bd2e0: f877 4989 | af20 0400 | 0049 8987 | 1004 0000 | 4883 ec20 | 40f6 c40f | 0f84 1900 | 0000 4883 
  0x00000194a91bd300: ec08 48b8 | 4074 d79b | fa7f 0000 | ffd0 4883 | c408 e90c | 0000 0048 | b840 74d7 | 9bfa 7f00 
  0x00000194a91bd320: 00ff d048 | 83c4 2049 | c787 1004 | 0000 0000 | 0000 49c7 | 8720 0400 | 0000 0000 | 0049 c787 
  0x00000194a91bd340: 1804 0000 | 0000 0000 | c5f8 7749 | 837f 0800 | 0f84 0500 | 0000 e985 | 44ff ff4c | 8b6d c04c 
  0x00000194a91bd360: 8b75 c84e | 8d74 f500 | c348 8b43 | 1848 85c0 | 0f84 1200 | 0000 8b48 | 0883 c102 | 8948 0823 
  0x00000194a91bd380: 482c 0f84 | df09 0000 | 493b a750 | 0500 000f | 8748 0000 | 0089 8424 | 00f0 ffff | 8984 2400 
  0x00000194a91bd3a0: e0ff ff89 | 8424 00d0 | ffff 8984 | 2400 c0ff | ff89 8424 | 00b0 ffff | 8984 2400 | a0ff ff89 
  0x00000194a91bd3c0: 8424 0090 | ffff 8984 | 2400 80ff | ff49 3ba7 | 4805 0000 | 7607 4989 | a750 0500 | 0041 c687 
  0x00000194a91bd3e0: ca04 0000 | 0048 8b5d | e84c 8b5b | 0845 0fb7 | 5b2e 41c1 | e303 492b | e348 83ec | 2048 83e4 
  0x00000194a91bd400: f04c 8b5b | 604d 85db | 0f85 ab00 | 0000 e805 | 0000 00e9 | 9900 0000 | 488b d348 | 8d44 2408 
  0x00000194a91bd420: 4c89 6dc0 | 498b cfc5 | f877 4989 | af20 0400 | 0049 8987 | 1004 0000 | 4883 ec20 | 40f6 c40f 
  0x00000194a91bd440: 0f84 1900 | 0000 4883 | ec08 48b8 | 009e d79b | fa7f 0000 | ffd0 4883 | c408 e90c | 0000 0048 
  0x00000194a91bd460: b800 9ed7 | 9bfa 7f00 | 00ff d048 | 83c4 2049 | c787 1004 | 0000 0000 | 0000 49c7 | 8720 0400 
  0x00000194a91bd480: 0000 0000 | 0049 c787 | 1804 0000 | 0000 0000 | c5f8 7749 | 837f 0800 | 0f84 0500 | 0000 e93d 
  0x00000194a91bd4a0: 43ff ff4c | 8b6d c04c | 8b75 c84e | 8d74 f500 | c348 8b5d | e84c 8b5b | 6041 ffd3 | 488b 5de8 
  0x00000194a91bd4c0: 4889 4518 | 440f b75b | 2c41 f6c3 | 080f 841b | 0000 004c | 8b5b 084d | 8b5b 084d | 8b5b 184d 
  0x00000194a91bd4e0: 8b5b 704d | 8b1b 4c89 | 5d10 488d | 5510 488b | 4358 49ba | 1050 149c | fa7f 0000 | 493b c20f 
  0x00000194a91bd500: 85ab 0000 | 00e8 0500 | 0000 e999 | 0000 0048 | 8bd3 488d | 4424 084c | 896d c049 | 8bcf c5f8 
  0x00000194a91bd520: 7749 89af | 2004 0000 | 4989 8710 | 0400 0048 | 83ec 2040 | f6c4 0f0f | 8419 0000 | 0048 83ec 
  0x00000194a91bd540: 0848 b800 | 9ed7 9bfa | 7f00 00ff | d048 83c4 | 08e9 0c00 | 0000 48b8 | 009e d79b | fa7f 0000 
  0x00000194a91bd560: ffd0 4883 | c420 49c7 | 8710 0400 | 0000 0000 | 0049 c787 | 2004 0000 | 0000 0000 | 49c7 8718 
  0x00000194a91bd580: 0400 0000 | 0000 00c5 | f877 4983 | 7f08 000f | 8405 0000 | 00e9 4642 | ffff 4c8b | 6dc0 4c8b 
  0x00000194a91bd5a0: 75c8 4e8d | 74f5 00c3 | 488b 5de8 | 488b 4358 | 498d 8f30 | 0400 004c | 8d15 d500 | 0000 4d89 
  0x00000194a91bd5c0: 9718 0400 | 00c5 f877 | 4989 af20 | 0400 0049 | 89a7 1004 | 0000 41c7 | 87ac 0400 | 0004 0000 
  0x00000194a91bd5e0: 0049 3ba7 | a805 0000 | 7607 4989 | a7a8 0500 | 00ff d049 | 3ba7 a805 | 0000 720b | 49c7 87a8 
  0x00000194a91bd600: 0500 0000 | 0000 00c5 | f877 4883 | ec10 c5fb | 1104 2448 | 83ec 1048 | 8904 2448 | c744 2408 
  0x00000194a91bd620: 0000 0000 | 41c7 87ac | 0400 0005 | 0000 00f0 | 8344 24c0 | 0049 3b6f | 280f 870e | 0000 0041 
  0x00000194a91bd640: 83bf a804 | 0000 000f | 8420 0000 | 0049 8bcf | 4c8b e448 | 83ec 2048 | 83e4 f048 | b850 06d9 
  0x00000194a91bd660: 9bfa 7f00 | 00ff d049 | 8be4 4d33 | e441 c787 | ac04 0000 | 0800 0000 | 4d8b 97c0 | 0500 0049 
  0x00000194a91bd680: 83fa 0074 | 3549 c787 | c005 0000 | 0000 0000 | 41ff e249 | ba60 c11b | a994 0100 | 0041 ffd2 
  0x00000194a91bd6a0: 4883 ec10 | c5fb 1104 | 2448 83ec | 1048 8904 | 2448 c744 | 2408 0000 | 0000 49c7 | 8710 0400 
  0x00000194a91bd6c0: 0000 0000 | 0049 c787 | 2004 0000 | 0000 0000 | 49c7 8718 | 0400 0000 | 0000 00c5 | f877 4d8b 
  0x00000194a91bd6e0: 9f90 0400 | 0041 c783 | 0001 0000 | 0000 0000 | 49bb 5aaa | 1ba9 9401 | 0000 4c3b | 5d18 0f85 
  0x00000194a91bd700: 5602 0000 | 488b 0424 | 4883 c410 | 4885 c00f | 8430 0200 | 00a8 030f | 8508 0000 | 0048 8b00 
  0x00000194a91bd720: e920 0200 | 00a8 010f | 8509 0000 | 0048 8b40 | fee9 0f02 | 0000 488b | 40ff 4180 | 7f48 000f 
  0x00000194a91bd740: 8400 0200 | 0048 85c0 | 0f84 f701 | 0000 4d8b | 5f38 4d85 | db74 1449 | 83eb 084d | 895f 384d 
  0x00000194a91bd760: 035f 4049 | 8903 e9da | 0100 0048 | 81ec f000 | 0000 4889 | 0424 4889 | 4c24 0848 | 8954 2410 
  0x00000194a91bd780: 4c89 4424 | 184c 894c | 2420 4c89 | 5424 284c | 895c 2430 | c5fb 1144 | 2440 c5fb | 114c 2448 
  0x00000194a91bd7a0: c5fb 1154 | 2450 c5fb | 115c 2458 | c5fb 1164 | 2460 c5fb | 116c 2468 | 62e1 ff08 | 1144 240e 
  0x00000194a91bd7c0: 62e1 ff08 | 114c 240f | 62e1 ff08 | 1154 2410 | 62e1 ff08 | 115c 2411 | 62e1 ff08 | 1164 2412 
  0x00000194a91bd7e0: 62e1 ff08 | 116c 2413 | 62e1 ff08 | 1174 2414 | 62e1 ff08 | 117c 2415 | 6261 ff08 | 1144 2416 
  0x00000194a91bd800: 6261 ff08 | 114c 2417 | 6261 ff08 | 1154 2418 | 6261 ff08 | 115c 2419 | 6261 ff08 | 1164 241a 
  0x00000194a91bd820: 6261 ff08 | 116c 241b | 6261 ff08 | 1174 241c | 6261 ff08 | 117c 241d | 498b d748 | 8bc8 4883 
  0x00000194a91bd840: ec20 40f6 | c40f 0f84 | 1900 0000 | 4883 ec08 | 48b8 80ad | cb9b fa7f | 0000 ffd0 | 4883 c408 
  0x00000194a91bd860: e90c 0000 | 0048 b880 | adcb 9bfa | 7f00 00ff | d048 83c4 | 2062 61ff | 0810 7c24 | 1d62 61ff 
  0x00000194a91bd880: 0810 7424 | 1c62 61ff | 0810 6c24 | 1b62 61ff | 0810 6424 | 1a62 61ff | 0810 5c24 | 1962 61ff 
  0x00000194a91bd8a0: 0810 5424 | 1862 61ff | 0810 4c24 | 1762 61ff | 0810 4424 | 1662 e1ff | 0810 7c24 | 1562 e1ff 
  0x00000194a91bd8c0: 0810 7424 | 1462 e1ff | 0810 6c24 | 1362 e1ff | 0810 6424 | 1262 e1ff | 0810 5c24 | 1162 e1ff 
  0x00000194a91bd8e0: 0810 5424 | 1062 e1ff | 0810 4c24 | 0f62 e1ff | 0810 4424 | 0ec5 fb10 | 6c24 68c5 | fb10 6424 
  0x00000194a91bd900: 60c5 fb10 | 5c24 58c5 | fb10 5424 | 50c5 fb10 | 4c24 48c5 | fb10 4424 | 404c 8b5c | 2430 4c8b 
  0x00000194a91bd920: 5424 284c | 8b4c 2420 | 4c8b 4424 | 1848 8b54 | 2410 488b | 4c24 0848 | 8b04 2448 | 81c4 f000 
  0x00000194a91bd940: 0000 c5f8 | 7748 8945 | 1048 83ec | 1048 8904 | 2448 c744 | 2408 0000 | 0000 4183 | bf30 0500 
  0x00000194a91bd960: 0002 0f85 | bf00 0000 | 4881 ec80 | 0000 0048 | 8944 2478 | 4889 4c24 | 7048 8954 | 2468 4889 
  0x00000194a91bd980: 5c24 6048 | 896c 2450 | 4889 7424 | 4848 897c | 2440 4c89 | 4424 384c | 894c 2430 | 4c89 5424 
  0x00000194a91bd9a0: 284c 895c | 2420 4c89 | 6424 184c | 896c 2410 | 4c89 7424 | 084c 893c | 244c 8be4 | 4883 ec20 
  0x00000194a91bd9c0: 4883 e4f0 | 48b8 9037 | 149c fa7f | 0000 ffd0 | 498b e44c | 8b3c 244c | 8b74 2408 | 4c8b 6c24 
  0x00000194a91bd9e0: 104c 8b64 | 2418 4c8b | 5c24 204c | 8b54 2428 | 4c8b 4c24 | 304c 8b44 | 2438 488b | 7c24 4048 
  0x00000194a91bda00: 8b74 2448 | 488b 6c24 | 5048 8b5c | 2460 488b | 5424 6848 | 8b4c 2470 | 488b 4424 | 7848 81c4 
  0x00000194a91bda20: 8000 0000 | 4d33 e448 | 8b5d e84c | 8b6b 084d | 8d6d 3849 | 837f 0800 | 0f84 bb00 | 0000 e805 
  0x00000194a91bda40: 0000 00e9 | 9600 0000 | 488d 4424 | 084c 896d | c049 8bcf | c5f8 7749 | 89af 2004 | 0000 4989 
  0x00000194a91bda60: 8710 0400 | 0048 83ec | 2040 f6c4 | 0f0f 8419 | 0000 0048 | 83ec 0848 | b830 bcd7 | 9bfa 7f00 
  0x00000194a91bda80: 00ff d048 | 83c4 08e9 | 0c00 0000 | 48b8 30bc | d79b fa7f | 0000 ffd0 | 4883 c420 | 49c7 8710 
  0x00000194a91bdaa0: 0400 0000 | 0000 0049 | c787 2004 | 0000 0000 | 0000 49c7 | 8718 0400 | 0000 0000 | 00c5 f877 
  0x00000194a91bdac0: 4983 7f08 | 000f 8405 | 0000 00e9 | 103d ffff | 4c8b 6dc0 | 4c8b 75c8 | 4e8d 74f5 | 00c3 48b9 
  0x00000194a91bdae0: 3872 3f9c | fa7f 0000 | 4883 e4f0 | 48b8 30e5 | 009c fa7f | 0000 ffd0 | f444 0fb7 | 5b2c 41f6 
  0x00000194a91bdb00: c320 0f84 | 7201 0000 | 488d 55a8 | 4c8b 5a08 | 4d85 db0f | 85bb 0000 | 00e8 0500 | 0000 e996 
  0x00000194a91bdb20: 0000 0048 | 8d44 2408 | 4c89 6dc0 | 498b cfc5 | f877 4989 | af20 0400 | 0049 8987 | 1004 0000 
  0x00000194a91bdb40: 4883 ec20 | 40f6 c40f | 0f84 1900 | 0000 4883 | ec08 48b8 | 60bb d79b | fa7f 0000 | ffd0 4883 
  0x00000194a91bdb60: c408 e90c | 0000 0048 | b860 bbd7 | 9bfa 7f00 | 00ff d048 | 83c4 2049 | c787 1004 | 0000 0000 
  0x00000194a91bdb80: 0000 49c7 | 8720 0400 | 0000 0000 | 0049 c787 | 1804 0000 | 0000 0000 | c5f8 7749 | 837f 0800 
  0x00000194a91bdba0: 0f84 0500 | 0000 e935 | 3cff ff4c | 8b6d c04c | 8b75 c84e | 8d74 f500 | c348 b938 | 723f 9cfa 
  0x00000194a91bdbc0: 7f00 0048 | 83e4 f048 | b830 e500 | 9cfa 7f00 | 00ff d0f4 | 4c89 6dc0 | 4c8b 4a08 | 48c7 4208 
  0x00000194a91bdbe0: 0000 0000 | 458b 87c8 | 0600 004f | 3b4c 07f8 | 0f85 4200 | 0000 4183 | afc8 0600 | 0008 4f3b 
  0x00000194a91bdc00: 4c07 f00f | 842a 0000 | 0049 8b01 | a802 0f85 | 1200 0000 | 4c8b c049 | 83c8 01f0 | 4d0f b101 
  0x00000194a91bdc20: 0f84 0d00 | 0000 4183 | 87c8 0600 | 0008 e905 | 0000 00e9 | 3e00 0000 | 4c89 4a08 | 488b ca48 
  0x00000194a91bdc40: 83ec 2040 | f6c4 0f0f | 8419 0000 | 0048 83ec | 0848 b890 | 8dd7 9bfa | 7f00 00ff | d048 83c4 
  0x00000194a91bdc60: 08e9 0c00 | 0000 48b8 | 908d d79b | fa7f 0000 | ffd0 4883 | c420 4c8b | 6dc0 41c6 | 877e 0300 
  0x00000194a91bdc80: 0001 493b | 6f28 0f87 | 0500 0000 | e9ab 0000 | 0048 83ec | 10c5 fb11 | 0424 4883 | ec10 4889 
  0x00000194a91bdca0: 0424 48c7 | 4424 0800 | 0000 00c5 | f877 4989 | af20 0400 | 0049 baab | dc1b a994 | 0100 004d 
  0x00000194a91bdcc0: 8997 1804 | 0000 4989 | a710 0400 | 0049 8bcf | 4883 ec20 | 40f6 c40f | 0f84 1900 | 0000 4883 
  0x00000194a91bdce0: ec08 48b8 | d073 d79b | fa7f 0000 | ffd0 4883 | c408 e90c | 0000 0048 | b8d0 73d7 | 9bfa 7f00 
  0x00000194a91bdd00: 00ff d048 | 83c4 2049 | c787 1004 | 0000 0000 | 0000 49c7 | 8720 0400 | 0000 0000 | 0049 c787 
  0x00000194a91bdd20: 1804 0000 | 0000 0000 | c5f8 7748 | 8b04 2448 | 83c4 10c5 | fb10 0424 | 4883 c410 | 488b 0424 
  0x00000194a91bdd40: 4883 c410 | c5fb 1004 | 2448 83c4 | 104c 8b5d | 1841 ffd3 | 4c8b 5df8 | c941 c687 | 7e03 0000 
  0x00000194a91bdd60: 005f 498b | e3ff e7ba | 0000 0000 | e805 0000 | 00e9 9600 | 0000 488d | 4424 084c | 896d c049 
  0x00000194a91bdd80: 8bcf c5f8 | 7749 89af | 2004 0000 | 4989 8710 | 0400 0048 | 83ec 2040 | f6c4 0f0f | 8419 0000 
  0x00000194a91bdda0: 0048 83ec | 0848 b890 | 83d7 9bfa | 7f00 00ff | d048 83c4 | 08e9 0c00 | 0000 48b8 | 9083 d79b 
  0x00000194a91bddc0: fa7f 0000 | ffd0 4883 | c420 49c7 | 8710 0400 | 0000 0000 | 0049 c787 | 2004 0000 | 0000 0000 
  0x00000194a91bdde0: 49c7 8718 | 0400 0000 | 0000 00c5 | f877 4983 | 7f08 000f | 8405 0000 | 00e9 e239 | ffff 4c8b 
  0x00000194a91bde00: 6dc0 4c8b | 75c8 4e8d | 74f5 00c3 | 488b 5de8 | e973 f5ff | ff66 6690 
[/MachCode]

Compiled method (c1) 12570 2626   !   3       java.awt.event.InvocationEvent::dispatch (69 bytes)
 total in heap  [0x00000194a2080a08,0x00000194a2081148] = 1856
 main code      [0x00000194a2080b00,0x00000194a20810e8] = 1512
 stub code      [0x00000194a20810e8,0x00000194a2081148] = 96
 mutable data [0x00000194bef1ccb0,0x00000194bef1cd38] = 136
 relocation     [0x00000194bef1ccb0,0x00000194bef1cd30] = 128
 metadata       [0x00000194bef1cd30,0x00000194bef1cd38] = 8
 immutable data [0x00000194bef2fb90,0x00000194bef2fd3c] = 428
 dependencies   [0x00000194bef2fb90,0x00000194bef2fb98] = 8
 nul chk table  [0x00000194bef2fb98,0x00000194bef2fbb0] = 24
 handler table  [0x00000194bef2fbb0,0x00000194bef2fc40] = 144
 scopes pcs     [0x00000194bef2fc40,0x00000194bef2fce0] = 160
 scopes data    [0x00000194bef2fce0,0x00000194bef2fd38] = 88

[Constant Pool (empty)]


Loading hsdis library failed, undisassembled code is shown in MachCode section
[MachCode]
[Instructions begin]
  0x00000194a2080b00: 6666 660f | 1f84 0000 | 0000 0066 | 6666 9066 | 6690 448b | 5208 443b 

  0x00000194a2080b18: ;   {runtime_call Shared Runtime ic_miss_blob}
  0x00000194a2080b18: 5008 0f85 | c0e4 1707 
[Verified Entry Point]
  0x00000194a2080b20: 8984 2400 | 80ff ff55 | 4883 ec30 | 4181 7f20 | 0300 0000 

  0x00000194a2080b34: ;   {runtime_call Stub::Stub Generator method_entry_barrier_stub}
  0x00000194a2080b34: 7405 e8e5 | 5716 0748 | 8954 2418 

  0x00000194a2080b40: ;   {metadata(method data for {method} {0x00000194ba783bb8} 'dispatch' '()V' in 'java/awt/event/InvocationEvent')}
  0x00000194a2080b40: 48be 70fe | caba 9401 | 0000 8bbe | 9000 0000 | 83c7 0289 | be90 0000 | 0081 e7fe | 0700 0085 
  0x00000194a2080b60: ff0f 84cf | 0400 000f | be72 1d85 

  0x00000194a2080b6c: ;   {metadata(method data for {method} {0x00000194ba783bb8} 'dispatch' '()V' in 'java/awt/event/InvocationEvent')}
  0x00000194a2080b6c: f648 be70 | feca ba94 | 0100 00bf | d800 0000 | 7405 bfe8 | 0000 0048 | 8b1c 3e48 | 8d5b 0148 
  0x00000194a2080b8c: 891c 3e0f | 84d1 0000 | 008b 7228 | 48c1 e603 

  0x00000194a2080b9c: ; implicit exception: dispatches to 0x00000194a2081057
  0x00000194a2080b9c: 483b 0648 

  0x00000194a2080ba0: ;   {metadata(method data for {method} {0x00000194ba783bb8} 'dispatch' '()V' in 'java/awt/event/InvocationEvent')}
  0x00000194a2080ba0: 8bfe 48bb | 70fe caba | 9401 0000 | 8b7f 0841 | ba00 0000 | 1949 03fa | 483b bb00 | 0100 0075 
  0x00000194a2080bc0: 0d48 8383 | 0801 0000 | 01e9 6000 | 0000 483b | bb10 0100 | 0075 0d48 | 8383 1801 | 0000 01e9 
  0x00000194a2080be0: 4a00 0000 | 4883 bb00 | 0100 0000 | 7517 4889 | bb00 0100 | 0048 c783 | 0801 0000 | 0100 0000 
  0x00000194a2080c00: e929 0000 | 0048 83bb | 1001 0000 | 0075 1748 | 89bb 1001 | 0000 48c7 | 8318 0100 | 0001 0000 
  0x00000194a2080c20: 00e9 0800 | 0000 4883 | 83f8 0000 | 0001 488b | d60f 1f40 | 0048 b850 | 6976 b994 

  0x00000194a2080c3c: ;   {virtual_call}
  0x00000194a2080c3c: 0100 00e8 

  0x00000194a2080c40: ; ImmutableOopMap {[24]=Oop }
                      ;*invokeinterface run {reexecute=0 rethrow=0 return_oop=0}
                      ; - java.awt.event.InvocationEvent::dispatch@11 (line 313)
  0x00000194a2080c40: 9ced 1707 

  0x00000194a2080c44: ;   {post_call_nop}
  0x00000194a2080c44: 0f1f 8400 | 3c02 0000 

  0x00000194a2080c4c: ;   {metadata(method data for {method} {0x00000194ba783bb8} 'dispatch' '()V' in 'java/awt/event/InvocationEvent')}
  0x00000194a2080c4c: 48ba 70fe | caba 9401 | 0000 ff82 | 2801 0000 | 488b 5424 | 18e9 2703 | 0000 8b72 | 2848 c1e6 
  0x00000194a2080c6c: 0348 3b06 

  0x00000194a2080c70: ;   {metadata(method data for {method} {0x00000194ba783bb8} 'dispatch' '()V' in 'java/awt/event/InvocationEvent')}
  0x00000194a2080c70: 488b fe48 | bb70 feca | ba94 0100 | 008b 7f08 | 41ba 0000 | 0019 4903 | fa48 3bbb | e001 0000 
  0x00000194a2080c90: 750d 4883 | 83e8 0100 | 0001 e960 | 0000 0048 | 3bbb f001 | 0000 750d | 4883 83f8 | 0100 0001 
  0x00000194a2080cb0: e94a 0000 | 0048 83bb | e001 0000 | 0075 1748 | 89bb e001 | 0000 48c7 | 83e8 0100 | 0001 0000 
  0x00000194a2080cd0: 00e9 2900 | 0000 4883 | bbf0 0100 | 0000 7517 | 4889 bbf0 | 0100 0048 | c783 f801 | 0000 0100 
  0x00000194a2080cf0: 0000 e908 | 0000 0048 | 8383 d801 | 0000 0148 | 8bd6 6666 | 9048 b878 | 6976 b994 

  0x00000194a2080d0c: ;   {virtual_call}
  0x00000194a2080d0c: 0100 00e8 

  0x00000194a2080d10: ; ImmutableOopMap {[24]=Oop }
                      ;*invokeinterface run {reexecute=0 rethrow=0 return_oop=0}
                      ; - java.awt.event.InvocationEvent::dispatch@47 (line 323)
  0x00000194a2080d10: bc23 2807 

  0x00000194a2080d14: ;   {post_call_nop}
  0x00000194a2080d14: 0f1f 8400 | 0c03 0001 | 488b 5424 | 18e9 6702 | 0000 498b | 8768 0500 | 004d 33d2 | 4d89 9768 
  0x00000194a2080d34: 0500 004d | 33d2 4d89 | 9770 0500 | 0048 85c0 

  0x00000194a2080d44: ;   {metadata(method data for {method} {0x00000194ba783bb8} 'dispatch' '()V' in 'java/awt/event/InvocationEvent')}
  0x00000194a2080d44: 48be 70fe | caba 9401 | 0000 750c | 808e 3901 | 0000 01e9 | a700 0000 | 8b78 0841 | ba00 0000 
  0x00000194a2080d64: 1949 03fa | 483b be48 | 0100 0075 | 0d48 8386 | 5001 0000 | 01e9 6000 | 0000 483b | be58 0100 
  0x00000194a2080d84: 0075 0d48 | 8386 6001 | 0000 01e9 | 4a00 0000 | 4883 be48 | 0100 0000 | 7517 4889 | be48 0100 
  0x00000194a2080da4: 0048 c786 | 5001 0000 | 0100 0000 | e929 0000 | 0048 83be | 5801 0000 | 0075 1748 | 89be 5801 
  0x00000194a2080dc4: 0000 48c7 | 8660 0100 | 0001 0000 | 00e9 0800 | 0000 4883 | 8640 0100 

  0x00000194a2080ddc: ;   {metadata('java/lang/Exception')}
  0x00000194a2080ddc: 0001 48bf | 300b 1e19 | 0000 0000 | 8b70 0841 | ba00 0000 | 1949 03f2 | 483b 7e40 | 0f85 0500 
  0x00000194a2080dfc: 0000 e905 | 0000 004d | 33c0 eb06 | 41b8 0100 | 0000 4585 

  0x00000194a2080e10: ;   {metadata(method data for {method} {0x00000194ba783bb8} 'dispatch' '()V' in 'java/awt/event/InvocationEvent')}
  0x00000194a2080e10: c049 b870 | feca ba94 | 0100 00ba | 7001 0000 | 7405 ba80 | 0100 0049 | 8b34 1048 | 8d76 0149 
  0x00000194a2080e30: 8934 1048 | 8b54 2418 | 0f84 0101 | 0000 4885 

  0x00000194a2080e40: ;   {metadata(method data for {method} {0x00000194ba783bb8} 'dispatch' '()V' in 'java/awt/event/InvocationEvent')}
  0x00000194a2080e40: c048 bf70 | feca ba94 | 0100 0075 | 0c80 8f89 | 0100 0001 | e9a7 0000 | 008b 5808 | 41ba 0000 
  0x00000194a2080e60: 0019 4903 | da48 3b9f | 9801 0000 | 750d 4883 | 87a0 0100 | 0001 e960 | 0000 0048 | 3b9f a801 
  0x00000194a2080e80: 0000 750d | 4883 87b0 | 0100 0001 | e94a 0000 | 0048 83bf | 9801 0000 | 0075 1748 | 899f 9801 
  0x00000194a2080ea0: 0000 48c7 | 87a0 0100 | 0001 0000 | 00e9 2900 | 0000 4883 | bfa8 0100 | 0000 7517 | 4889 9fa8 
  0x00000194a2080ec0: 0100 0048 | c787 b001 | 0000 0100 | 0000 e908 | 0000 0048 | 8387 9001 

  0x00000194a2080ed8: ;   {metadata('java/lang/Exception')}
  0x00000194a2080ed8: 0000 0148 | bb30 0b1e | 1900 0000 | 008b 7808 | 41ba 0000 | 0019 4903 | fa48 3b5f | 400f 8566 
  0x00000194a2080ef8: 0100 00e9 | 0000 0000 | 4c8b c041 | 0fbe 7748 | 85f6 0f85 | 5a01 0000 | 4d8b d049 | c1ea 0344 
  0x00000194a2080f18: 8952 3448 | 8bfa 4933 | f848 c1ef | 1574 184d | 85c0 7413 | 488b fa48 | c1ef 0949 | 037f 5080 
  0x00000194a2080f38: 3fff 7503 | c607 0045 | 0fbe 4748 | 4585 c00f | 853b 0100 | 004c 8bd0 | 49c1 ea03 | 4489 5238 
  0x00000194a2080f58: 488b f248 | 33f0 48c1 | ee15 7418 | 4885 c074 | 1348 8bf2 | 48c1 ee09 | 4903 7750 | 803e ff75 
  0x00000194a2080f78: 03c6 0600 

  0x00000194a2080f7c: ;   {metadata(method data for {method} {0x00000194ba783bb8} 'dispatch' '()V' in 'java/awt/event/InvocationEvent')}
  0x00000194a2080f7c: 49b8 70fe | caba 9401 | 0000 41ff | 80c0 0100 | 004c 8bc2 

  0x00000194a2080f90: ;   {metadata(method data for {method} {0x00000194ba783bb8} 'dispatch' '()V' in 'java/awt/event/InvocationEvent')}
  0x00000194a2080f90: 48be 70fe | caba 9401 | 0000 4883 | 8608 0200 | 0001 41b8 | 0100 0000 | 0f1f 8000 

  0x00000194a2080fac: ;   {optimized virtual_call}
  0x00000194a2080fac: 0000 00e8 

  0x00000194a2080fb0: ; ImmutableOopMap {}
                      ;*invokevirtual finishedDispatching {reexecute=0 rethrow=0 return_oop=0}
                      ; - java.awt.event.InvocationEvent::dispatch@54 (line 326)
  0x00000194a2080fb0: 5801 0000 

  0x00000194a2080fb4: ;   {post_call_nop}
  0x00000194a2080fb4: 0f1f 8400 | ac05 0002 

  0x00000194a2080fbc: ;   {metadata(method data for {method} {0x00000194ba783bb8} 'dispatch' '()V' in 'java/awt/event/InvocationEvent')}
  0x00000194a2080fbc: 48b8 70fe | caba 9401 | 0000 ff80 | 3802 0000 | 4883 c430 

  0x00000194a2080fd0: ;   {poll_return}
  0x00000194a2080fd0: 5d49 3b67 | 280f 87cc | 0000 00c3 | 488b 5424 | 1849 8b87 | 6805 0000 | 4d33 d24d | 8997 6805 
  0x00000194a2080ff0: 0000 4d33 | d24d 8997 | 7005 0000 

  0x00000194a2080ffc: ;   {metadata(method data for {method} {0x00000194ba783bb8} 'dispatch' '()V' in 'java/awt/event/InvocationEvent')}
  0x00000194a2080ffc: 4c8b c248 | be70 feca | ba94 0100 | 0048 8386 | 5002 0000 | 0141 b801 | 0000 0048 | 8944 2420 
  0x00000194a208101c: ;   {optimized virtual_call}
  0x00000194a208101c: 6666 90e8 

  0x00000194a2081020: ; ImmutableOopMap {[32]=Oop }
                      ;*invokevirtual finishedDispatching {reexecute=0 rethrow=0 return_oop=0}
                      ; - java.awt.event.InvocationEvent::dispatch@63 (line 326)
  0x00000194a2081020: bce4 1707 

  0x00000194a2081024: ;   {post_call_nop}
  0x00000194a2081024: 0f1f 8400 | 1c06 0003 | 488b 4424 | 20e9 a400 

  0x00000194a2081034: ;   {metadata({method} {0x00000194ba783bb8} 'dispatch' '()V' in 'java/awt/event/InvocationEvent')}
  0x00000194a2081034: 0000 49ba | b03b 78ba | 9401 0000 | 4c89 5424 | 0848 c704 | 24ff ffff 

  0x00000194a208104c: ;   {runtime_call C1 Runtime counter_overflow_blob}
  0x00000194a208104c: ffe8 0ef0 

  0x00000194a2081050: ; ImmutableOopMap {rdx=Oop [24]=Oop }
                      ;*synchronization entry
                      ; - java.awt.event.InvocationEvent::dispatch@-1 (line 311)
  0x00000194a2081050: 2507 e910 

  0x00000194a2081054: ;   {runtime_call C1 Runtime throw_null_pointer_exception_blob}
  0x00000194a2081054: fbff ffe8 

  0x00000194a2081058: ; ImmutableOopMap {rdx=Oop rsi=Oop [24]=Oop }
                      ;*invokeinterface run {reexecute=0 rethrow=0 return_oop=0}
                      ; - java.awt.event.InvocationEvent::dispatch@11 (line 313)
  0x00000194a2081058: 847f 2507 

  0x00000194a208105c: ;   {runtime_call C1 Runtime throw_null_pointer_exception_blob}
  0x00000194a208105c: e87f 7f25 

  0x00000194a2081060: ; ImmutableOopMap {rdx=Oop rsi=Oop [24]=Oop }
                      ;*invokeinterface run {reexecute=0 rethrow=0 return_oop=0}
                      ; - java.awt.event.InvocationEvent::dispatch@47 (line 323)
  0x00000194a2081060: 0748 8904 

  0x00000194a2081064: ;   {runtime_call C1 Runtime throw_class_cast_exception_blob}
  0x00000194a2081064: 24e8 76b1 

  0x00000194a2081068: ; ImmutableOopMap {rax=Oop rdx=Oop [24]=Oop }
                      ;*checkcast {reexecute=0 rethrow=0 return_oop=0}
                      ; - java.awt.event.InvocationEvent::dispatch@29 (line 317)
  0x00000194a2081068: 2507 8b72 | 3448 c1e6 | 0348 85f6 | 0f84 96fe | ffff 4889 

  0x00000194a208107c: ;   {runtime_call g1_pre_barrier_slow}
  0x00000194a208107c: 3424 e85d | fb25 07e9 | 88fe ffff | 448b 4238 | 49c1 e003 | 4d85 c00f | 84b4 feff | ff4c 8904 
  0x00000194a208109c: ;   {runtime_call g1_pre_barrier_slow}
  0x00000194a208109c: 24e8 3efb | 2507 e9a6 

  0x00000194a20810a4: ;   {internal_word}
  0x00000194a20810a4: feff ff49 | bad1 0f08 | a294 0100 | 004d 8997 | b804 0000 

  0x00000194a20810b8: ;   {runtime_call SafepointBlob}
  0x00000194a20810b8: e9a3 1418 | 0749 8b87 | 6805 0000 | 49c7 8768 | 0500 0000 | 0000 0049 | c787 7005 | 0000 0000 
  0x00000194a20810d8: 0000 4883 

  0x00000194a20810dc: ;   {runtime_call C1 Runtime unwind_exception_blob}
  0x00000194a20810dc: c430 5de9 | fc6f 2507 | f4f4 f4f4 
[Stub Code]
  0x00000194a20810e8: ;   {other}
  0x00000194a20810e8: 0f1f 4400 

  0x00000194a20810ec: ;   {static_stub}
  0x00000194a20810ec: 0048 bb00 | 0000 0000 

  0x00000194a20810f4: ;   {runtime_call nmethod}
  0x00000194a20810f4: 0000 00e9 | fbff ffff 

  0x00000194a20810fc: ;   {static_stub}
  0x00000194a20810fc: 9048 bb00 | 0000 0000 

  0x00000194a2081104: ;   {runtime_call nmethod}
  0x00000194a2081104: 0000 00e9 | fbff ffff 

  0x00000194a208110c: ;   {static_stub}
  0x00000194a208110c: 48bb b03f | 78ba 9401 

  0x00000194a2081114: ;   {runtime_call I2C/C2I adapters}
  0x00000194a2081114: 0000 e91b 

  0x00000194a2081118: ;   {runtime_call C1 Runtime handle_exception_from_callee_blob}
  0x00000194a2081118: 6918 07e8 | c0aa 2507 

  0x00000194a2081120: ;   {external_word}
  0x00000194a2081120: 48b9 3872 | 3f9c fa7f | 0000 4883 

  0x00000194a208112c: ;   {runtime_call}
  0x00000194a208112c: e4f0 48b8 | 30e5 009c | fa7f 0000 

  0x00000194a2081138: ;   {runtime_call DeoptimizationBlob}
  0x00000194a2081138: ffd0 f4e8 | a0fb 1707 
[Deopt Handler Entry Point]
  0x00000194a2081140: ebf9 f4f4 | f4f4 f4f4 
[/MachCode]


Compiled method (c1) 12581 2408       3       java.awt.EventQueue::dispatchEventImpl (139 bytes)
 total in heap  [0x00000194a2016808,0x00000194a2018940] = 8504
 main code      [0x00000194a2016900,0x00000194a2018828] = 7976
 stub code      [0x00000194a2018828,0x00000194a2018930] = 264
 oops           [0x00000194a2018930,0x00000194a2018940] = 16
 mutable data [0x00000194b9822580,0x00000194b98228e8] = 872
 relocation     [0x00000194b9822580,0x00000194b9822820] = 672
 metadata       [0x00000194b9822820,0x00000194b98228e8] = 200
 immutable data [0x00000194beedde90,0x00000194beede61c] = 1932
 dependencies   [0x00000194beedde90,0x00000194beeddec8] = 56
 nul chk table  [0x00000194beeddec8,0x00000194beeddf48] = 128
 handler table  [0x00000194beeddf48,0x00000194beede008] = 192
 scopes pcs     [0x00000194beede008,0x00000194beede3e8] = 992
 scopes data    [0x00000194beede3e8,0x00000194beede618] = 560

[Constant Pool (empty)]


Loading hsdis library failed, undisassembled code is shown in MachCode section
[MachCode]
[Instructions begin]
  0x00000194a2016900: 6666 660f | 1f84 0000 | 0000 0066 | 6666 9066 | 6690 448b | 5208 443b 

  0x00000194a2016918: ;   {runtime_call Shared Runtime ic_miss_blob}
  0x00000194a2016918: 5008 0f85 | c086 1e07 
[Verified Entry Point]
  0x00000194a2016920: 8984 2400 | 80ff ff55 | 4881 ecd0 | 0000 0090 | 4181 7f20 | 0300 0000 

  0x00000194a2016938: ;   {runtime_call Stub::Stub Generator method_entry_barrier_stub}
  0x00000194a2016938: 7405 e8e1 | f91c 074c | 8984 24a8 

  0x00000194a2016944: ;   {metadata(method data for {method} {0x00000194ba3caba0} 'dispatchEventImpl' '(Ljava/awt/AWTEvent;Ljava/lang/Object;)V' in 'java/awt/EventQueue')}
  0x00000194a2016944: 0000 0048 | bec0 93c8 | ba94 0100 | 008b be90 | 0000 0083 | c702 89be | 9000 0000 | 81e7 fe07 
  0x00000194a2016964: 0000 85ff | 0f84 ae1a | 0000 41c6 | 401a 014d 

  0x00000194a2016974: ;   {metadata(method data for {method} {0x00000194ba3caba0} 'dispatchEventImpl' '(Ljava/awt/AWTEvent;Ljava/lang/Object;)V' in 'java/awt/EventQueue')}
  0x00000194a2016974: 85c0 48bb | c093 c8ba | 9401 0000 | 750c 808b | d100 0000 | 01e9 c300 | 0000 418b | 4008 41ba 
  0x00000194a2016994: 0000 0019 | 4903 c248 | 3b83 e000 | 0000 750d | 4883 83e8 | 0000 0001 | e960 0000 | 0048 3b83 
  0x00000194a20169b4: f000 0000 | 750d 4883 | 83f8 0000 | 0001 e94a | 0000 0048 | 83bb e000 | 0000 0075 | 1748 8983 
  0x00000194a20169d4: e000 0000 | 48c7 83e8 | 0000 0001 | 0000 00e9 | 2900 0000 | 4883 bbf0 | 0000 0000 | 7517 4889 
  0x00000194a20169f4: 83f0 0000 | 0048 c783 | f800 0000 | 0100 0000 | e908 0000 | 0048 8383 | d800 0000 

  0x00000194a2016a10: ;   {metadata('java/awt/ActiveEvent')}
  0x00000194a2016a10: 0148 b818 | 020a 1a00 | 0000 0041 | 8b58 0841 | ba00 0000 | 1949 03da | 483b 4320 | 0f84 2400 
  0x00000194a2016a30: 0000 483b | d80f 841b | 0000 0053 

  0x00000194a2016a3c: ;   {runtime_call C1 Runtime slow_subtype_check_blob}
  0x00000194a2016a3c: 50e8 9e62 | 2c07 5b5b | 85db 0f84 | 0500 0000 | e905 0000 | 0048 33f6 | eb05 be01 | 0000 0085 
  0x00000194a2016a5c: ;   {metadata(method data for {method} {0x00000194ba3caba0} 'dispatchEventImpl' '(Ljava/awt/AWTEvent;Ljava/lang/Object;)V' in 'java/awt/EventQueue')}
  0x00000194a2016a5c: f648 bec0 | 93c8 ba94 | 0100 00bf | 1801 0000 | 7505 bf08 | 0100 0048 | 8b1c 3e48 | 8d5b 0148 
  0x00000194a2016a7c: 891c 3e0f | 8563 1500 | 004d 85c9 

  0x00000194a2016a88: ;   {metadata(method data for {method} {0x00000194ba3caba0} 'dispatchEventImpl' '(Ljava/awt/AWTEvent;Ljava/lang/Object;)V' in 'java/awt/EventQueue')}
  0x00000194a2016a88: 48bb c093 | c8ba 9401 | 0000 750c | 808b c901 | 0000 01e9 | a900 0000 | 418b 4108 | 41ba 0000 
  0x00000194a2016aa8: 0019 4903 | c248 3b83 | d801 0000 | 750d 4883 | 83e0 0100 | 0001 e960 | 0000 0048 | 3b83 e801 
  0x00000194a2016ac8: 0000 750d | 4883 83f0 | 0100 0001 | e94a 0000 | 0048 83bb | d801 0000 | 0075 1748 | 8983 d801 
  0x00000194a2016ae8: 0000 48c7 | 83e0 0100 | 0001 0000 | 00e9 2900 | 0000 4883 | bbe8 0100 | 0000 7517 | 4889 83e8 
  0x00000194a2016b08: 0100 0048 | c783 f001 | 0000 0100 | 0000 e908 | 0000 0048 | 8383 d001 

  0x00000194a2016b20: ;   {metadata('java/awt/Component')}
  0x00000194a2016b20: 0000 0148 | b818 1700 | 1a00 0000 | 0041 8b59 | 0841 ba00 | 0000 1949 | 03da 483b | 4338 0f85 
  0x00000194a2016b40: 0500 0000 | e905 0000 | 0048 33f6 | eb05 be01 | 0000 0085 

  0x00000194a2016b54: ;   {metadata(method data for {method} {0x00000194ba3caba0} 'dispatchEventImpl' '(Ljava/awt/AWTEvent;Ljava/lang/Object;)V' in 'java/awt/EventQueue')}
  0x00000194a2016b54: f648 bec0 | 93c8 ba94 | 0100 00bf | 0002 0000 | 7405 bf10 | 0200 0048 | 8b1c 3e48 | 8d5b 0148 
  0x00000194a2016b74: 891c 3e0f | 84bc 0600 | 004d 85c9 

  0x00000194a2016b80: ;   {metadata(method data for {method} {0x00000194ba3caba0} 'dispatchEventImpl' '(Ljava/awt/AWTEvent;Ljava/lang/Object;)V' in 'java/awt/EventQueue')}
  0x00000194a2016b80: 48bf c093 | c8ba 9401 | 0000 750c | 808f 1902 | 0000 01e9 | a900 0000 | 418b 5908 | 41ba 0000 
  0x00000194a2016ba0: 0019 4903 | da48 3b9f | 2802 0000 | 750d 4883 | 8730 0200 | 0001 e960 | 0000 0048 | 3b9f 3802 
  0x00000194a2016bc0: 0000 750d | 4883 8740 | 0200 0001 | e94a 0000 | 0048 83bf | 2802 0000 | 0075 1748 | 899f 2802 
  0x00000194a2016be0: 0000 48c7 | 8730 0200 | 0001 0000 | 00e9 2900 | 0000 4883 | bf38 0200 | 0000 7517 | 4889 9f38 
  0x00000194a2016c00: 0200 0048 | c787 4002 | 0000 0100 | 0000 e908 | 0000 0048 | 8387 2002 

  0x00000194a2016c18: ;   {metadata('java/awt/Component')}
  0x00000194a2016c18: 0000 0148 | bb18 1700 | 1a00 0000 | 0041 8b79 | 0841 ba00 | 0000 1949 | 03fa 483b | 5f38 0f85 
  0x00000194a2016c38: 0618 0000 | e900 0000 | 0049 8bd1 

  0x00000194a2016c44: ; implicit exception: dispatches to 0x00000194a201844b
  0x00000194a2016c44: 483b 0248 

  0x00000194a2016c48: ;   {metadata(method data for {method} {0x00000194ba3caba0} 'dispatchEventImpl' '(Ljava/awt/AWTEvent;Ljava/lang/Object;)V' in 'java/awt/EventQueue')}
  0x00000194a2016c48: 8bf2 48bf | c093 c8ba | 9401 0000 | 8b76 0841 | ba00 0000 | 1949 03f2 | 483b b758 | 0200 0075 
  0x00000194a2016c68: 0d48 8387 | 6002 0000 | 01e9 6000 | 0000 483b | b768 0200 | 0075 0d48 | 8387 7002 | 0000 01e9 
  0x00000194a2016c88: 4a00 0000 | 4883 bf58 | 0200 0000 | 7517 4889 | b758 0200 | 0048 c787 | 6002 0000 | 0100 0000 
  0x00000194a2016ca8: e929 0000 | 0048 83bf | 6802 0000 | 0075 1748 | 89b7 6802 | 0000 48c7 | 8770 0200 | 0001 0000 
  0x00000194a2016cc8: 00e9 0800 | 0000 4883 | 8750 0200 

  0x00000194a2016cd4: ;   {metadata(method data for {method} {0x00000194ba04c770} 'dispatchEvent' '(Ljava/awt/AWTEvent;)V' in 'java/awt/Component')}
  0x00000194a2016cd4: 0001 48be | c0a0 c8ba | 9401 0000 | 8bbe 9000 | 0000 83c7 | 0289 be90 | 0000 0081 | e7fe ff1f 
  0x00000194a2016cf4: 0085 ff0f | 8453 1700 | 0048 8bf2 

  0x00000194a2016d00: ;   {metadata(method data for {method} {0x00000194ba04c770} 'dispatchEvent' '(Ljava/awt/AWTEvent;)V' in 'java/awt/Component')}
  0x00000194a2016d00: 48bf c0a0 | c8ba 9401 | 0000 8b76 | 0841 ba00 | 0000 1949 | 03f2 483b | b7e0 0000 | 0075 0d48 
  0x00000194a2016d20: 8387 e800 | 0000 01e9 | 6000 0000 | 483b b7f0 | 0000 0075 | 0d48 8387 | f800 0000 | 01e9 4a00 
  0x00000194a2016d40: 0000 4883 | bfe0 0000 | 0000 7517 | 4889 b7e0 | 0000 0048 | c787 e800 | 0000 0100 | 0000 e929 
  0x00000194a2016d60: 0000 0048 | 83bf f000 | 0000 0075 | 1748 89b7 | f000 0000 | 48c7 87f8 | 0000 0001 | 0000 00e9 
  0x00000194a2016d80: 0800 0000 | 4883 87d8 | 0000 0001 | 498b f04c | 8bc6 6666 | 9048 b840 | a3f4 be94 

  0x00000194a2016d9c: ;   {virtual_call}
  0x00000194a2016d9c: 0100 00e8 

  0x00000194a2016da0: ; ImmutableOopMap {[168]=Oop }
                      ;*invokevirtual dispatchEventImpl {reexecute=0 rethrow=0 return_oop=0}
                      ; - java.awt.Component::dispatchEvent@2 (line 4784)
                      ; - java.awt.EventQueue::dispatchEventImpl@41 (line 716)
  0x00000194a2016da0: 842c 3607 

  0x00000194a2016da4: ;   {post_call_nop}
  0x00000194a2016da4: 0f1f 8400 | 9c05 0000 | 4c8b 8424 | a800 0000 

  0x00000194a2016db4: ;   {metadata(method data for {method} {0x00000194ba3caba0} 'dispatchEventImpl' '(Ljava/awt/AWTEvent;Ljava/lang/Object;)V' in 'java/awt/EventQueue')}
  0x00000194a2016db4: 48be c093 | c8ba 9401 | 0000 458b | 4008 41ba | 0000 0019 | 4d03 c24c | 3b86 8802 | 0000 750d 
  0x00000194a2016dd4: 4883 8690 | 0200 0001 | e960 0000 | 004c 3b86 | 9802 0000 | 750d 4883 | 86a0 0200 | 0001 e94a 
  0x00000194a2016df4: 0000 0048 | 83be 8802 | 0000 0075 | 174c 8986 | 8802 0000 | 48c7 8690 | 0200 0001 | 0000 00e9 
  0x00000194a2016e14: 2900 0000 | 4883 be98 | 0200 0000 | 7517 4c89 | 8698 0200 | 0048 c786 | a002 0000 | 0100 0000 
  0x00000194a2016e34: e908 0000 | 0048 8386 | 8002 0000 

  0x00000194a2016e40: ;   {metadata(method data for {method} {0x00000194ba149758} 'dispatched' '()V' in 'java/awt/AWTEvent')}
  0x00000194a2016e40: 0148 be10 | a2c8 ba94 | 0100 008b | be90 0000 | 0083 c702 | 89be 9000 | 0000 81e7 | feff 1f00 
  0x00000194a2016e60: 85ff 0f84 | 0916 0000 | 4c8b 8424 | a800 0000 

  0x00000194a2016e70: ;   {metadata(method data for {method} {0x00000194ba149758} 'dispatched' '()V' in 'java/awt/AWTEvent')}
  0x00000194a2016e70: 4d85 c048 | bb10 a2c8 | ba94 0100 | 0075 0c80 | 8bd1 0000 | 0001 e9a9 | 0000 0041 | 8b40 0841 
  0x00000194a2016e90: ba00 0000 | 1949 03c2 | 483b 83e0 | 0000 0075 | 0d48 8383 | e800 0000 | 01e9 6000 | 0000 483b 
  0x00000194a2016eb0: 83f0 0000 | 0075 0d48 | 8383 f800 | 0000 01e9 | 4a00 0000 | 4883 bbe0 | 0000 0000 | 7517 4889 
  0x00000194a2016ed0: 83e0 0000 | 0048 c783 | e800 0000 | 0100 0000 | e929 0000 | 0048 83bb | f000 0000 | 0075 1748 
  0x00000194a2016ef0: 8983 f000 | 0000 48c7 | 83f8 0000 | 0001 0000 | 00e9 0800 | 0000 4883 | 83d8 0000 

  0x00000194a2016f0c: ;   {metadata('java/awt/event/InputEvent')}
  0x00000194a2016f0c: 0001 48b8 | a8f4 011a | 0000 0000 | 418b 5808 | 41ba 0000 | 0019 4903 | da48 3b43 | 500f 8505 
  0x00000194a2016f2c: 0000 00e9 | 0500 0000 | 4833 f6eb | 05be 0100 | 0000 85f6 

  0x00000194a2016f40: ;   {metadata(method data for {method} {0x00000194ba149758} 'dispatched' '()V' in 'java/awt/AWTEvent')}
  0x00000194a2016f40: 48be 10a2 | c8ba 9401 | 0000 bf08 | 0100 0074 | 05bf 1801 | 0000 488b | 1c3e 488d | 5b01 4889 
  0x00000194a2016f60: 1c3e 0f84 | 9114 0000 

  0x00000194a2016f68: ;   {metadata(method data for {method} {0x00000194ba149758} 'dispatched' '()V' in 'java/awt/AWTEvent')}
  0x00000194a2016f68: 48be 10a2 | c8ba 9401 | 0000 4883 | 8628 0100 

  0x00000194a2016f78: ;   {metadata(method data for {method} {0x00000194ba123590} 'getInputEventAccessor' '()Lsun/awt/AWTAccessor$InputEventAccessor;' in 'sun/awt/AWTAccessor')}
  0x00000194a2016f78: 0001 48be | e8a3 c8ba | 9401 0000 | 8bbe 9000 | 0000 83c7 | 0289 be90 | 0000 0081 | e7fe ff1f 
  0x00000194a2016f98: 0085 ff0f | 84f1 1400 

  0x00000194a2016fa0: ;   {oop(a 'java/lang/Class'{0x00000007044652f8} = 'sun/awt/AWTAccessor')}
  0x00000194a2016fa0: 0048 bef8 | 5246 0407 | 0000 008b | b68c 0000 | 0048 c1e6 | 0348 85f6 

  0x00000194a2016fb8: ;   {metadata(method data for {method} {0x00000194ba123590} 'getInputEventAccessor' '()Lsun/awt/AWTAccessor$InputEventAccessor;' in 'sun/awt/AWTAccessor')}
  0x00000194a2016fb8: 48bf e8a3 | c8ba 9401 | 0000 bbd8 | 0000 0075 | 05bb e800 | 0000 488b | 041f 488d | 4001 4889 
  0x00000194a2016fd8: 041f 0f85 | c812 0000 

  0x00000194a2016fe0: ;   {metadata(method data for {method} {0x00000194ba123590} 'getInputEventAccessor' '()Lsun/awt/AWTAccessor$InputEventAccessor;' in 'sun/awt/AWTAccessor')}
  0x00000194a2016fe0: 48be e8a3 | c8ba 9401 | 0000 4883 | 86f8 0000 

  0x00000194a2016ff0: ;   {metadata(method data for {method} {0x00000194ba125d50} 'ensureClassInitialized' '(Ljava/lang/Class;)V' in 'sun/awt/AWTAccessor')}
  0x00000194a2016ff0: 0001 48be | 08be a3ba | 9401 0000 | 8bbe 9000 | 0000 83c7 | 0289 be90 | 0000 0081 | e7fe ff1f 
  0x00000194a2017010: 0085 ff0f | 849a 1400 

  0x00000194a2017018: ;   {metadata(method data for {method} {0x00000194ba125d50} 'ensureClassInitialized' '(Ljava/lang/Class;)V' in 'sun/awt/AWTAccessor')}
  0x00000194a2017018: 0048 be08 | bea3 ba94 | 0100 0048 | 8386 d800 

  0x00000194a2017028: ;   {metadata(method data for {method} {0x00000000194817c8} 'lookup' '()Ljava/lang/invoke/MethodHandles$Lookup;' in 'java/lang/invoke/MethodHandles')}
  0x00000194a2017028: 0000 0148 | be80 bfa3 | ba94 0100 | 008b be90 | 0000 0083 | c702 89be | 9000 0000 | 81e7 feff 
  0x00000194a2017048: 1f00 85ff | 0f84 8214 

  0x00000194a2017050: ;   {metadata(method data for {method} {0x00000000194817c8} 'lookup' '()Ljava/lang/invoke/MethodHandles$Lookup;' in 'java/lang/invoke/MethodHandles')}
  0x00000194a2017050: 0000 48be | 80bf a3ba | 9401 0000 | 4883 86d8 | 0000 0001 

  0x00000194a2017064: ;   {static_call}
  0x00000194a2017064: 6666 90e8 

  0x00000194a2017068: ; ImmutableOopMap {[168]=Oop }
                      ;*invokestatic getCallerClass {reexecute=0 rethrow=0 return_oop=0}
                      ; - java.lang.invoke.MethodHandles::lookup@0 (line 127)
                      ; - sun.awt.AWTAccessor::ensureClassInitialized@0 (line 1464)
                      ; - sun.awt.AWTAccessor::getInputEventAccessor@10 (line 963)
                      ; - java.awt.AWTEvent::dispatched@7 (line 571)
                      ; - java.awt.EventQueue::dispatchEventImpl@45 (line 717)
  0x00000194a2017068: 748e 1e07 

  0x00000194a201706c: ;   {post_call_nop}
  0x00000194a201706c: 0f1f 8400 | 6408 0001 | 4c8b c04d 

  0x00000194a2017078: ;   {metadata(method data for {method} {0x00000000194817c8} 'lookup' '()Ljava/lang/invoke/MethodHandles$Lookup;' in 'java/lang/invoke/MethodHandles')}
  0x00000194a2017078: 85c0 48ba | 80bf a3ba | 9401 0000 | bef8 0000 | 0074 05be | e800 0000 | 488b 3c32 | 488d 7f01 
  0x00000194a2017098: 4889 3c32 | 0f84 2d11 

  0x00000194a20170a0: ;   {metadata('java/lang/invoke/MethodHandles$Lookup')}
  0x00000194a20170a0: 0000 48ba | a806 2119 | 0000 0000 | 498b 87b0 | 0100 0048 | 8d78 2049 | 3bbf c001 | 0000 0f87 
  0x00000194a20170c0: 3114 0000 | 4989 bfb0 | 0100 0048 | c700 0100 | 0000 488b | ca41 ba00 | 0000 1949 | 2bca 8948 
  0x00000194a20170e0: 0848 33c9 | 8948 0c48 | 33c9 4889 | 4810 4889 | 4818 4c8b 

  0x00000194a20170f4: ;   {metadata(method data for {method} {0x00000000194817c8} 'lookup' '()Ljava/lang/invoke/MethodHandles$Lookup;' in 'java/lang/invoke/MethodHandles')}
  0x00000194a20170f4: c848 bf80 | bfa3 ba94 | 0100 0048 | 8387 1801 

  0x00000194a2017104: ;   {metadata(method data for {method} {0x0000000019485a20} '<init>' '(Ljava/lang/Class;)V' in 'java/lang/invoke/MethodHandles$Lookup')}
  0x00000194a2017104: 0000 0149 | b9e0 c0a3 | ba94 0100 | 0041 8bb9 | 9000 0000 | 83c7 0241 | 89b9 9000 | 0000 81e7 
  0x00000194a2017124: feff 1f00 | 85ff 0f84 | d213 0000 

  0x00000194a2017130: ;   {metadata(method data for {method} {0x0000000019485a20} '<init>' '(Ljava/lang/Class;)V' in 'java/lang/invoke/MethodHandles$Lookup')}
  0x00000194a2017130: 4c8b c848 | bfe0 c0a3 | ba94 0100 | 0048 8387 | d800 0000 

  0x00000194a2017144: ;   {oop(nullptr)}
  0x00000194a2017144: 0149 b900 | 0000 0000 | 0000 00bf | 5f00 0000 | 488b d048 | 8984 24b0 

  0x00000194a201715c: ;   {optimized virtual_call}
  0x00000194a201715c: 0000 00e8 

  0x00000194a2017160: ; ImmutableOopMap {[168]=Oop [176]=Oop }
                      ;*invokespecial <init> {reexecute=0 rethrow=0 return_oop=0}
                      ; - java.lang.invoke.MethodHandles$Lookup::<init>@5 (line 1535)
                      ; - java.lang.invoke.MethodHandles::lookup@23 (line 131)
                      ; - sun.awt.AWTAccessor::ensureClassInitialized@0 (line 1464)
                      ; - sun.awt.AWTAccessor::getInputEventAccessor@10 (line 963)
                      ; - java.awt.AWTEvent::dispatched@7 (line 571)
                      ; - java.awt.EventQueue::dispatchEventImpl@45 (line 717)
  0x00000194a2017160: 7c83 1e07 

  0x00000194a2017164: ;   {post_call_nop}
  0x00000194a2017164: 0f1f 8400 | 5c09 0002 | 488b 8424 | b000 0000 

  0x00000194a2017174: ;   {metadata(method data for {method} {0x00000194ba125d50} 'ensureClassInitialized' '(Ljava/lang/Class;)V' in 'sun/awt/AWTAccessor')}
  0x00000194a2017174: 4c8b c048 | ba08 bea3 | ba94 0100 | 0045 8b40 | 0841 ba00 | 0000 194d | 03c2 4c3b | 82f0 0000 
  0x00000194a2017194: 0075 0d48 | 8382 f800 | 0000 01e9 | 6000 0000 | 4c3b 8200 | 0100 0075 | 0d48 8382 | 0801 0000 
  0x00000194a20171b4: 01e9 4a00 | 0000 4883 | baf0 0000 | 0000 7517 | 4c89 82f0 | 0000 0048 | c782 f800 | 0000 0100 
  0x00000194a20171d4: 0000 e929 | 0000 0048 | 83ba 0001 | 0000 0075 | 174c 8982 | 0001 0000 | 48c7 8208 | 0100 0001 
  0x00000194a20171f4: 0000 00e9 | 0800 0000 | 4883 82e8 | 0000 0001 

  0x00000194a2017204: ;   {oop(a 'java/lang/Class'{0x0000000704460378} = 'java/awt/event/InputEvent')}
  0x00000194a2017204: 49b8 7803 | 4604 0700 | 0000 488b | d066 0f1f 

  0x00000194a2017214: ;   {optimized virtual_call}
  0x00000194a2017214: 4400 00e8 

  0x00000194a2017218: ; ImmutableOopMap {[168]=Oop }
                      ;*invokevirtual ensureInitialized {reexecute=0 rethrow=0 return_oop=0}
                      ; - sun.awt.AWTAccessor::ensureClassInitialized@4 (line 1464)
                      ; - sun.awt.AWTAccessor::getInputEventAccessor@10 (line 963)
                      ; - java.awt.AWTEvent::dispatched@7 (line 571)
                      ; - java.awt.EventQueue::dispatchEventImpl@45 (line 717)
  0x00000194a2017218: c482 1e07 

  0x00000194a201721c: ;   {post_call_nop}
  0x00000194a201721c: 0f1f 8400 | 140a 0003 

  0x00000194a2017224: ;   {metadata(method data for {method} {0x00000194ba125d50} 'ensureClassInitialized' '(Ljava/lang/Class;)V' in 'sun/awt/AWTAccessor')}
  0x00000194a2017224: 48ba 08be | a3ba 9401 | 0000 ff82 | 1801 0000 | e95b 1000 | 004d 85c9 

  0x00000194a201723c: ;   {metadata(method data for {method} {0x00000194ba3caba0} 'dispatchEventImpl' '(Ljava/awt/AWTEvent;Ljava/lang/Object;)V' in 'java/awt/EventQueue')}
  0x00000194a201723c: 48bb c093 | c8ba 9401 | 0000 750c | 808b c102 | 0000 01e9 | a800 0000 | 418b 4108 | 41ba 0000 
  0x00000194a201725c: 0019 4903 | c248 3b83 | d002 0000 | 750d 4883 | 83d8 0200 | 0001 e960 | 0000 0048 | 3b83 e002 
  0x00000194a201727c: 0000 750d | 4883 83e8 | 0200 0001 | e94a 0000 | 0048 83bb | d002 0000 | 0075 1748 | 8983 d002 
  0x00000194a201729c: 0000 48c7 | 83d8 0200 | 0001 0000 | 00e9 2900 | 0000 4883 | bbe0 0200 | 0000 7517 | 4889 83e0 
  0x00000194a20172bc: 0200 0048 | c783 e802 | 0000 0100 | 0000 e908 | 0000 0048 | 8383 c802 

  0x00000194a20172d4: ;   {metadata('java/awt/MenuComponent')}
  0x00000194a20172d4: 0000 0148 | b818 0b17 | 1a00 0000 | 0041 8b79 | 0841 ba00 | 0000 1949 | 03fa 483b | c70f 8505 
  0x00000194a20172f4: 0000 00e9 | 0500 0000 | 4833 f6eb | 05be 0100 | 0000 85f6 

  0x00000194a2017308: ;   {metadata(method data for {method} {0x00000194ba3caba0} 'dispatchEventImpl' '(Ljava/awt/AWTEvent;Ljava/lang/Object;)V' in 'java/awt/EventQueue')}
  0x00000194a2017308: 48be c093 | c8ba 9401 | 0000 bf08 | 0300 0075 | 05bf f802 | 0000 488b | 1c3e 488d | 5b01 4889 
  0x00000194a2017328: 1c3e 0f85 | 200b 0000 

  0x00000194a2017330: ;   {metadata(method data for {method} {0x00000194ba3caba0} 'dispatchEventImpl' '(Ljava/awt/AWTEvent;Ljava/lang/Object;)V' in 'java/awt/EventQueue')}
  0x00000194a2017330: 4d85 c948 | bbc0 93c8 | ba94 0100 | 0075 0c80 | 8b89 0300 | 0001 e9d1 | 0000 0041 | 8b41 0841 
  0x00000194a2017350: ba00 0000 | 1949 03c2 | 483b 8398 | 0300 0075 | 0d48 8383 | a003 0000 | 01e9 6000 | 0000 483b 
  0x00000194a2017370: 83a8 0300 | 0075 0d48 | 8383 b003 | 0000 01e9 | 4a00 0000 | 4883 bb98 | 0300 0000 | 7517 4889 
  0x00000194a2017390: 8398 0300 | 0048 c783 | a003 0000 | 0100 0000 | e929 0000 | 0048 83bb | a803 0000 | 0075 1748 
  0x00000194a20173b0: 8983 a803 | 0000 48c7 | 83b0 0300 | 0001 0000 | 00e9 0800 | 0000 4883 | 8390 0300 | 0001 6690 
  0x00000194a20173d0: ;   {other}
  0x00000194a20173d0: e95d 1100 | 0000 0000 | 0000 418b | 5908 41ba | 0000 0019 | 4903 da48 | 3bd8 0f84 | 3100 0000 
  0x00000194a20173f0: 8b78 1448 | 3b04 3b0f | 8424 0000 | 0083 ff20 | 0f85 1600 | 0000 5350 

  0x00000194a2017408: ;   {runtime_call C1 Runtime slow_subtype_check_blob}
  0x00000194a2017408: e8d3 582c | 075b 5885 | c00f 8405 | 0000 00e9 | 0500 0000 | 4833 f6eb | 05be 0100 | 0000 85f6 
  0x00000194a2017428: ;   {metadata(method data for {method} {0x00000194ba3caba0} 'dispatchEventImpl' '(Ljava/awt/AWTEvent;Ljava/lang/Object;)V' in 'java/awt/EventQueue')}
  0x00000194a2017428: 48be c093 | c8ba 9401 | 0000 bfd0 | 0300 0075 | 05bf c003 | 0000 488b | 1c3e 488d | 5b01 4889 
  0x00000194a2017448: 1c3e 0f85 | ca08 0000 

  0x00000194a2017450: ;   {metadata(method data for {method} {0x00000194ba3caba0} 'dispatchEventImpl' '(Ljava/awt/AWTEvent;Ljava/lang/Object;)V' in 'java/awt/EventQueue')}
  0x00000194a2017450: 4d85 c948 | bbc0 93c8 | ba94 0100 | 0075 0c80 | 8b51 0400 | 0001 e9a8 | 0000 0041 | 8b41 0841 
  0x00000194a2017470: ba00 0000 | 1949 03c2 | 483b 8360 | 0400 0075 | 0d48 8383 | 6804 0000 | 01e9 6000 | 0000 483b 
  0x00000194a2017490: 8370 0400 | 0075 0d48 | 8383 7804 | 0000 01e9 | 4a00 0000 | 4883 bb60 | 0400 0000 | 7517 4889 
  0x00000194a20174b0: 8360 0400 | 0048 c783 | 6804 0000 | 0100 0000 | e929 0000 | 0048 83bb | 7004 0000 | 0075 1748 
  0x00000194a20174d0: 8983 7004 | 0000 48c7 | 8378 0400 | 0001 0000 | 00e9 0800 | 0000 4883 | 8358 0400 

  0x00000194a20174ec: ;   {metadata('sun/awt/AWTAutoShutdown')}
  0x00000194a20174ec: 0001 48b8 | 50c4 071a | 0000 0000 | 418b 7908 | 41ba 0000 | 0019 4903 | fa48 3bc7 | 0f85 0500 
  0x00000194a201750c: 0000 e905 | 0000 0048 | 33f6 eb05 | be01 0000 

  0x00000194a201751c: ;   {metadata(method data for {method} {0x00000194ba3caba0} 'dispatchEventImpl' '(Ljava/awt/AWTEvent;Ljava/lang/Object;)V' in 'java/awt/EventQueue')}
  0x00000194a201751c: 0085 f648 | bec0 93c8 | ba94 0100 | 00bf 8804 | 0000 7405 | bf98 0400 | 0048 8b1c | 3e48 8d5b 
  0x00000194a201753c: 0148 891c | 3e0f 8444 | 0100 0048 

  0x00000194a2017548: ;   {metadata(method data for {method} {0x00000194ba3caba0} 'dispatchEventImpl' '(Ljava/awt/AWTEvent;Ljava/lang/Object;)V' in 'java/awt/EventQueue')}
  0x00000194a2017548: 8bf2 48bf | c093 c8ba | 9401 0000 | 4883 87a8 | 0400 0001 

  0x00000194a201755c: ;   {metadata(method data for {method} {0x00000194ba3ca1d8} 'noEvents' '()Z' in 'java/awt/EventQueue')}
  0x00000194a201755c: 48be 30a6 | c8ba 9401 | 0000 8bbe | 9000 0000 | 83c7 0289 | be90 0000 | 0081 e7fe | ff1f 0085 
  0x00000194a201757c: ff0f 84b9 | 0f00 00be | 0000 0000 | e990 0000 | 0066 6690 | 8b7a 2048 | c1e7 033b | 770c 0f83 
  0x00000194a201759c: c70f 0000 | 4863 de8b | 7c9f 1048 | c1e7 038b | 7f0c 48c1 | e703 4885 

  0x00000194a20175b4: ;   {metadata(method data for {method} {0x00000194ba3ca1d8} 'noEvents' '()Z' in 'java/awt/EventQueue')}
  0x00000194a20175b4: ff48 bf30 | a6c8 ba94 | 0100 00bb | 0801 0000 | 7505 bbf8 | 0000 0048 | 8b04 1f48 | 8d40 0148 
  0x00000194a20175d4: 8904 1f0f | 8570 0000 

  0x00000194a20175dc: ;   {metadata(method data for {method} {0x00000194ba3ca1d8} 'noEvents' '()Z' in 'java/awt/EventQueue')}
  0x00000194a20175dc: 00ff c648 | bf30 a6c8 | ba94 0100 | 008b 9f94 | 0000 0083 | c302 899f | 9400 0000 | 81e3 fe3f 
  0x00000194a20175fc: 0000 85db | 0f84 740f | 0000 4d8b 

  0x00000194a2017608: ; ImmutableOopMap {rdx=Oop }
                      ;*goto {reexecute=1 rethrow=0 return_oop=0}
                      ; - (reexecute) java.awt.EventQueue::noEvents@24 (line 511)
                      ; - java.awt.EventQueue::dispatchEventImpl@95 (line 723)
                      ;   {poll}
  0x00000194a2017608: 5730 4185 

  0x00000194a201760c: ;   {metadata(method data for {method} {0x00000194ba3ca1d8} 'noEvents' '()Z' in 'java/awt/EventQueue')}
  0x00000194a201760c: 0248 bf30 | a6c8 ba94 | 0100 00ff | 8718 0100 | 0083 fe04 

  0x00000194a2017620: ;   {metadata(method data for {method} {0x00000194ba3ca1d8} 'noEvents' '()Z' in 'java/awt/EventQueue')}
  0x00000194a2017620: 48bf 30a6 | c8ba 9401 | 0000 bbd8 | 0000 007d | 05bb e800 | 0000 488b | 041f 488d | 4001 4889 
  0x00000194a2017640: 041f 0f8d | 0f00 0000 | e943 ffff | ffbe 0000 | 0000 e905 | 0000 00be | 0100 0000 

  0x00000194a201765c: ;   {metadata(method data for {method} {0x00000194ba3caba0} 'dispatchEventImpl' '(Ljava/awt/AWTEvent;Ljava/lang/Object;)V' in 'java/awt/EventQueue')}
  0x00000194a201765c: 85f6 48be | c093 c8ba | 9401 0000 | bfd8 0400 | 0074 05bf | e804 0000 | 488b 1c3e | 488d 5b01 
  0x00000194a201767c: 4889 1c3e | 0f84 830d | 0000 e904 

  0x00000194a2017688: ;   {metadata(method data for {method} {0x00000194ba3caba0} 'dispatchEventImpl' '(Ljava/awt/AWTEvent;Ljava/lang/Object;)V' in 'java/awt/EventQueue')}
  0x00000194a2017688: 0600 0048 | bac0 93c8 | ba94 0100 | 0048 8382 | 4005 0000 

  0x00000194a201769c: ;   {metadata(method data for {method} {0x00000194ba3c8fa8} 'getEventLog' '()Lsun/util/logging/PlatformLogger;' in 'java/awt/EventQueue')}
  0x00000194a201769c: 0148 baa0 | a8c8 ba94 | 0100 008b | b290 0000 | 0083 c602 | 89b2 9000 | 0000 81e6 | feff 1f00 
  0x00000194a20176bc: 85f6 0f84 | d70e 0000 

  0x00000194a20176c4: ;   {oop(a 'java/lang/Class'{0x000000070483d1a0} = 'java/awt/EventQueue')}
  0x00000194a20176c4: 48ba a0d1 | 8304 0700 | 0000 8b92 | 8000 0000 | 48c1 e203 

  0x00000194a20176d8: ;   {metadata(method data for {method} {0x00000194ba3c8fa8} 'getEventLog' '()Lsun/util/logging/PlatformLogger;' in 'java/awt/EventQueue')}
  0x00000194a20176d8: 4885 d248 | baa0 a8c8 | ba94 0100 | 00be d800 | 0000 7505 | bee8 0000 | 0048 8b3c | 3248 8d7f 
  0x00000194a20176f8: 0148 893c | 320f 8578 

  0x00000194a2017700: ;   {metadata(method data for {method} {0x00000194ba3c8fa8} 'getEventLog' '()Lsun/util/logging/PlatformLogger;' in 'java/awt/EventQueue')}
  0x00000194a2017700: 0000 0048 | baa0 a8c8 | ba94 0100 | 0048 8382 | f800 0000 

  0x00000194a2017714: ;   {oop("java.awt.event.EventQueue"{0x0000000705438230})}
  0x00000194a2017714: 0148 ba30 | 8243 0507 

  0x00000194a201771c: ;   {static_call}
  0x00000194a201771c: 0000 00e8 

  0x00000194a2017720: ; ImmutableOopMap {[168]=Oop }
                      ;*invokestatic getLogger {reexecute=0 rethrow=0 return_oop=0}
                      ; - java.awt.EventQueue::getEventLog@8 (line 172)
                      ; - java.awt.EventQueue::dispatchEventImpl@111 (line 727)
  0x00000194a2017720: bc87 1e07 

  0x00000194a2017724: ;   {post_call_nop}
  0x00000194a2017724: 0f1f 8400 | 1c0f 0005 

  0x00000194a201772c: ;   {oop(a 'java/lang/Class'{0x000000070483d1a0} = 'java/awt/EventQueue')}
  0x00000194a201772c: 49b8 a0d1 | 8304 0700 | 0000 410f | be57 4885 | d20f 8579 | 0e00 004c | 8bd0 49c1 | ea03 4589 
  0x00000194a201774c: 9080 0000 | 00f0 8344 | 24c0 0049 | 8bf0 4833 | f048 c1ee | 1574 1848 | 85c0 7413 | 498b f048 
  0x00000194a201776c: c1ee 0949 | 0377 5080 | 3eff 7503 

  0x00000194a2017778: ;   {oop(a 'java/lang/Class'{0x000000070483d1a0} = 'java/awt/EventQueue')}
  0x00000194a2017778: c606 0049 | b8a0 d183 | 0407 0000 | 0045 8b80 | 8000 0000 | 49c1 e003 

  0x00000194a2017790: ; implicit exception: dispatches to 0x00000194a20185de
  0x00000194a2017790: 493b 0049 

  0x00000194a2017794: ;   {metadata(method data for {method} {0x00000194ba3caba0} 'dispatchEventImpl' '(Ljava/awt/AWTEvent;Ljava/lang/Object;)V' in 'java/awt/EventQueue')}
  0x00000194a2017794: 8bd0 48be | c093 c8ba | 9401 0000 

  0x00000194a20177a0: ;   {metadata('sun/util/logging/PlatformLogger')}
  0x00000194a20177a0: 49ba 18a0 | 011a 0000 | 0000 4c89 | 9658 0500 | 0048 8386 | 6005 0000 

  0x00000194a20177b8: ;   {metadata(method data for {method} {0x00000194ba100c20} 'isLoggable' '(Lsun/util/logging/PlatformLogger$Level;)Z' in 'sun/util/logging/PlatformLogger')}
  0x00000194a20177b8: 0148 ba00 | a87e ba94 | 0100 008b | b290 0000 | 0083 c602 | 89b2 9000 | 0000 81e6 | feff 1f00 
  0x00000194a20177d8: 85f6 0f84 | 030e 0000 

  0x00000194a20177e0: ;   {metadata(method data for {method} {0x00000194ba100c20} 'isLoggable' '(Lsun/util/logging/PlatformLogger$Level;)Z' in 'sun/util/logging/PlatformLogger')}
  0x00000194a20177e0: 48ba 00a8 | 7eba 9401 | 0000 ff82 | d800 0000 | 418b 500c | 48c1 e203 

  0x00000194a20177f8: ; implicit exception: dispatches to 0x00000194a2018604
  0x00000194a20177f8: 483b 024c 

  0x00000194a20177fc: ;   {metadata(method data for {method} {0x00000194ba100c20} 'isLoggable' '(Lsun/util/logging/PlatformLogger$Level;)Z' in 'sun/util/logging/PlatformLogger')}
  0x00000194a20177fc: 8bc2 48be | 00a8 7eba | 9401 0000 | 458b 4008 | 41ba 0000 | 0019 4d03 | c24c 3b86 | 1001 0000 
  0x00000194a201781c: 750d 4883 | 8618 0100 | 0001 e960 | 0000 004c | 3b86 2001 | 0000 750d | 4883 8628 | 0100 0001 
  0x00000194a201783c: e94a 0000 | 0048 83be | 1001 0000 | 0075 174c | 8986 1001 | 0000 48c7 | 8618 0100 | 0001 0000 
  0x00000194a201785c: 00e9 2900 | 0000 4883 | be20 0100 | 0000 7517 | 4c89 8620 | 0100 0048 | c786 2801 | 0000 0100 
  0x00000194a201787c: 0000 e908 | 0000 0048 | 8386 0801 

  0x00000194a2017888: ;   {oop(a 'sun/util/logging/PlatformLogger$Level'{0x0000000704466258})}
  0x00000194a2017888: 0000 0149 | b858 6246 | 0407 0000 | 0048 b868 | a3f4 be94 

  0x00000194a201789c: ;   {virtual_call}
  0x00000194a201789c: 0100 00e8 

  0x00000194a20178a0: ; ImmutableOopMap {[168]=Oop }
                      ;*invokeinterface isLoggable {reexecute=0 rethrow=0 return_oop=0}
                      ; - sun.util.logging.PlatformLogger::isLoggable@17 (line 340)
                      ; - java.awt.EventQueue::dispatchEventImpl@117 (line 727)
  0x00000194a20178a0: 3c81 1e07 

  0x00000194a20178a4: ;   {post_call_nop}
  0x00000194a20178a4: 0f1f 8400 | 9c10 0006 | 83e0 0185 

  0x00000194a20178b0: ;   {metadata(method data for {method} {0x00000194ba3caba0} 'dispatchEventImpl' '(Ljava/awt/AWTEvent;Ljava/lang/Object;)V' in 'java/awt/EventQueue')}
  0x00000194a20178b0: c048 bac0 | 93c8 ba94 | 0100 00be | 8005 0000 | 7405 be90 | 0500 0048 | 8b3c 3248 | 8d7f 0148 
  0x00000194a20178d0: 893c 320f | 8430 0b00 

  0x00000194a20178d8: ;   {metadata(method data for {method} {0x00000194ba3caba0} 'dispatchEventImpl' '(Ljava/awt/AWTEvent;Ljava/lang/Object;)V' in 'java/awt/EventQueue')}
  0x00000194a20178d8: 0048 bac0 | 93c8 ba94 | 0100 0048 | 8382 a005 

  0x00000194a20178e8: ;   {metadata(method data for {method} {0x00000194ba3c8fa8} 'getEventLog' '()Lsun/util/logging/PlatformLogger;' in 'java/awt/EventQueue')}
  0x00000194a20178e8: 0000 0148 | baa0 a8c8 | ba94 0100 | 008b b290 | 0000 0083 | c602 89b2 | 9000 0000 | 81e6 feff 
  0x00000194a2017908: 1f00 85f6 | 0f84 f70c 

  0x00000194a2017910: ;   {oop(a 'java/lang/Class'{0x000000070483d1a0} = 'java/awt/EventQueue')}
  0x00000194a2017910: 0000 48ba | a0d1 8304 | 0700 0000 | 8b92 8000 | 0000 48c1 | e203 4885 

  0x00000194a2017928: ;   {metadata(method data for {method} {0x00000194ba3c8fa8} 'getEventLog' '()Lsun/util/logging/PlatformLogger;' in 'java/awt/EventQueue')}
  0x00000194a2017928: d248 baa0 | a8c8 ba94 | 0100 00be | d800 0000 | 7505 bee8 | 0000 0048 | 8b3c 3248 | 8d7f 0148 
  0x00000194a2017948: 893c 320f | 857a 0000 

  0x00000194a2017950: ;   {metadata(method data for {method} {0x00000194ba3c8fa8} 'getEventLog' '()Lsun/util/logging/PlatformLogger;' in 'java/awt/EventQueue')}
  0x00000194a2017950: 0048 baa0 | a8c8 ba94 | 0100 0048 | 8382 f800 

  0x00000194a2017960: ;   {oop("java.awt.event.EventQueue"{0x0000000705438230})}
  0x00000194a2017960: 0000 0148 | ba30 8243 | 0507 0000 

  0x00000194a201796c: ;   {static_call}
  0x00000194a201796c: 0066 90e8 

  0x00000194a2017970: ; ImmutableOopMap {[168]=Oop }
                      ;*invokestatic getLogger {reexecute=0 rethrow=0 return_oop=0}
                      ; - java.awt.EventQueue::getEventLog@8 (line 172)
                      ; - java.awt.EventQueue::dispatchEventImpl@123 (line 728)
  0x00000194a2017970: 6c85 1e07 

  0x00000194a2017974: ;   {post_call_nop}
  0x00000194a2017974: 0f1f 8400 | 6c11 0007 

  0x00000194a201797c: ;   {oop(a 'java/lang/Class'{0x000000070483d1a0} = 'java/awt/EventQueue')}
  0x00000194a201797c: 48ba a0d1 | 8304 0700 | 0000 410f | be77 4885 | f60f 8597 | 0c00 004c | 8bd0 49c1 | ea03 4489 
  0x00000194a201799c: 9280 0000 | 00f0 8344 | 24c0 0048 | 8bfa 4833 | f848 c1ef | 1574 1848 | 85c0 7413 | 488b fa48 
  0x00000194a20179bc: c1ef 0949 | 037f 5080 | 3fff 7503 

  0x00000194a20179c8: ;   {oop(a 'java/lang/Class'{0x000000070483d1a0} = 'java/awt/EventQueue')}
  0x00000194a20179c8: c607 0048 | baa0 d183 | 0407 0000 | 008b b280 | 0000 0048 | c1e6 0348 | 89b4 24b8 | 0000 004c 
  0x00000194a20179e8: 8b84 24a8 

  0x00000194a20179ec: ;   {metadata(method data for {method} {0x00000194ba3caba0} 'dispatchEventImpl' '(Ljava/awt/AWTEvent;Ljava/lang/Object;)V' in 'java/awt/EventQueue')}
  0x00000194a20179ec: 0000 0048 | bac0 93c8 | ba94 0100 | 0048 8382 | b005 0000 

  0x00000194a2017a00: ;   {metadata(method data for {method} {0x00000000194b8b88} 'valueOf' '(Ljava/lang/Object;)Ljava/lang/String;' in 'java/lang/String')}
  0x00000194a2017a00: 0148 ba50 | f727 ba94 | 0100 008b | ba90 0000 | 0083 c702 | 89ba 9000 | 0000 81e7 | feff 1f00 
  0x00000194a2017a20: 85ff 0f84 | 230c 0000 

  0x00000194a2017a28: ;   {metadata(method data for {method} {0x00000000194b8b88} 'valueOf' '(Ljava/lang/Object;)Ljava/lang/String;' in 'java/lang/String')}
  0x00000194a2017a28: 4d85 c048 | ba50 f727 | ba94 0100 | 00bf d800 | 0000 7505 | bfe8 0000 | 0048 8b1c | 3a48 8d5b 
  0x00000194a2017a48: 0148 891c | 3a0f 851f 

  0x00000194a2017a50: ;   {metadata(method data for {method} {0x00000000194b8b88} 'valueOf' '(Ljava/lang/Object;)Ljava/lang/String;' in 'java/lang/String')}
  0x00000194a2017a50: 0000 0048 | ba50 f727 | ba94 0100 | 00ff 82f8 

  0x00000194a2017a60: ;   {oop("null"{0x00000007ffe3b658})}
  0x00000194a2017a60: 0000 0048 | bf58 b6e3 | ff07 0000 | 00e9 a500 | 0000 498b 

  0x00000194a2017a74: ;   {metadata(method data for {method} {0x00000000194b8b88} 'valueOf' '(Ljava/lang/Object;)Ljava/lang/String;' in 'java/lang/String')}
  0x00000194a2017a74: d048 bf50 | f727 ba94 | 0100 008b | 5208 41ba | 0000 0019 | 4903 d248 | 3b97 1801 | 0000 750d 
  0x00000194a2017a94: 4883 8720 | 0100 0001 | e960 0000 | 0048 3b97 | 2801 0000 | 750d 4883 | 8730 0100 | 0001 e94a 
  0x00000194a2017ab4: 0000 0048 | 83bf 1801 | 0000 0075 | 1748 8997 | 1801 0000 | 48c7 8720 | 0100 0001 | 0000 00e9 
  0x00000194a2017ad4: 2900 0000 | 4883 bf28 | 0100 0000 | 7517 4889 | 9728 0100 | 0048 c787 | 3001 0000 | 0100 0000 
  0x00000194a2017af4: e908 0000 | 0048 8387 | 1001 0000 | 0149 8bd0 

  0x00000194a2017b04: ;   {optimized virtual_call}
  0x00000194a2017b04: 6666 90e8 

  0x00000194a2017b08: ; ImmutableOopMap {[184]=Oop }
                      ;*invokevirtual toString {reexecute=0 rethrow=0 return_oop=0}
                      ; - java.lang.String::valueOf@11 (line 4817)
                      ; - java.awt.EventQueue::dispatchEventImpl@127 (line 728)
  0x00000194a2017b08: d479 1e07 

  0x00000194a2017b0c: ;   {post_call_nop}
  0x00000194a2017b0c: 0f1f 8400 | 0413 0008 | 488b f890 

  0x00000194a2017b18: ;   {other}
  0x00000194a2017b18: e95e 0b00 | 0090 9090 | 9090 488b 

  0x00000194a2017b24: ;   {static_call}
  0x00000194a2017b24: d766 90e8 

  0x00000194a2017b28: ; ImmutableOopMap {[184]=Oop }
                      ;*invokedynamic {reexecute=0 rethrow=0 return_oop=0}
                      ; - java.awt.EventQueue::dispatchEventImpl@130 (line 728)
  0x00000194a2017b28: b483 1e07 

  0x00000194a2017b2c: ;   {post_call_nop}
  0x00000194a2017b2c: 0f1f 8400 | 2413 0009 

  0x00000194a2017b34: ;   {metadata(method data for {method} {0x00000194ba3caba0} 'dispatchEventImpl' '(Ljava/awt/AWTEvent;Ljava/lang/Object;)V' in 'java/awt/EventQueue')}
  0x00000194a2017b34: 49b8 c093 | c8ba 9401 | 0000 4d8d | 80e0 0500 | 0048 85c0 | 750b 41f6 | 0001 7505 | f049 8308 
  0x00000194a2017b54: 0148 8bb4 | 24b8 0000 | 0048 3b06 

  0x00000194a2017b60: ;   {metadata(method data for {method} {0x00000194ba3caba0} 'dispatchEventImpl' '(Ljava/awt/AWTEvent;Ljava/lang/Object;)V' in 'java/awt/EventQueue')}
  0x00000194a2017b60: 4c8b c649 | b9c0 93c8 | ba94 0100 

  0x00000194a2017b6c: ;   {metadata('sun/util/logging/PlatformLogger')}
  0x00000194a2017b6c: 0049 ba18 | a001 1a00 | 0000 004d | 8991 f805 | 0000 4983 | 8100 0600 

  0x00000194a2017b84: ;   {metadata(method data for {method} {0x00000194ba101878} 'fine' '(Ljava/lang/String;)V' in 'sun/util/logging/PlatformLogger')}
  0x00000194a2017b84: 0001 49b8 | 50c2 dfba | 9401 0000 | 458b 8890 | 0000 0041 | 83c1 0245 | 8988 9000 | 0000 4181 
  0x00000194a2017ba4: e1fe ff1f | 0045 85c9 | 0f84 d80a | 0000 8b56 | 0c48 c1e2 | 0348 3b02 

  0x00000194a2017bbc: ;   {metadata(method data for {method} {0x00000194ba101878} 'fine' '(Ljava/lang/String;)V' in 'sun/util/logging/PlatformLogger')}
  0x00000194a2017bbc: 4c8b c249 | b950 c2df | ba94 0100 | 0045 8b40 | 0841 ba00 | 0000 194d | 03c2 4d3b | 8110 0100 
  0x00000194a2017bdc: 0075 0d49 | 8381 1801 | 0000 01e9 | 6000 0000 | 4d3b 8120 | 0100 0075 | 0d49 8381 | 2801 0000 
  0x00000194a2017bfc: 01e9 4a00 | 0000 4983 | b910 0100 | 0000 7517 | 4d89 8110 | 0100 0049 | c781 1801 | 0000 0100 
  0x00000194a2017c1c: 0000 e929 | 0000 0049 | 83b9 2001 | 0000 0075 | 174d 8981 | 2001 0000 | 49c7 8128 | 0100 0001 
  0x00000194a2017c3c: 0000 00e9 | 0800 0000 | 4983 8108 | 0100 0001 

  0x00000194a2017c4c: ;   {oop(a 'sun/util/logging/PlatformLogger$Level'{0x0000000704466258})}
  0x00000194a2017c4c: 49b8 5862 | 4604 0700 | 0000 4c8b 

  0x00000194a2017c58: ;   {oop(nullptr)}
  0x00000194a2017c58: c848 bf00 | 0000 0000 | 0000 0066 | 9048 b890 | a3f4 be94 

  0x00000194a2017c6c: ;   {virtual_call}
  0x00000194a2017c6c: 0100 00e8 

  0x00000194a2017c70: ; ImmutableOopMap {}
                      ;*invokeinterface log {reexecute=0 rethrow=0 return_oop=0}
                      ; - sun.util.logging.PlatformLogger::fine@12 (line 449)
                      ; - java.awt.EventQueue::dispatchEventImpl@135 (line 728)
  0x00000194a2017c70: 6c7d 1e07 

  0x00000194a2017c74: ;   {post_call_nop}
  0x00000194a2017c74: 0f1f 8400 | 6c14 000a | 4881 c4d0 | 0000 005d 

  0x00000194a2017c84: ;   {poll_return}
  0x00000194a2017c84: 493b 6728 | 0f87 220a | 0000 c344 | 8b42 3449 | c1e0 0349 | 3b00 498b 

  0x00000194a2017c9c: ;   {metadata(method data for {method} {0x00000194ba3caba0} 'dispatchEventImpl' '(Ljava/awt/AWTEvent;Ljava/lang/Object;)V' in 'java/awt/EventQueue')}
  0x00000194a2017c9c: d048 bec0 | 93c8 ba94 

  0x00000194a2017ca4: ;   {metadata('java/awt/EventDispatchThread')}
  0x00000194a2017ca4: 0100 0049 | ba00 0b0a | 1a00 0000 | 004c 8996 | 0005 0000 | 4883 8608 | 0500 0001 

  0x00000194a2017cc0: ;   {metadata(method data for {method} {0x00000194ba785cb0} 'stopDispatching' '()V' in 'java/awt/EventDispatchThread')}
  0x00000194a2017cc0: 48ba a0a7 | c8ba 9401 | 0000 8bb2 | 9000 0000 | 83c6 0289 | b290 0000 | 0081 e6fe | ff1f 0085 
  0x00000194a2017ce0: f60f 84e4 | 0900 00ba | 0000 0000 | 4188 5078 | f083 4424 

  0x00000194a2017cf4: ;   {metadata(method data for {method} {0x00000194ba3caba0} 'dispatchEventImpl' '(Ljava/awt/AWTEvent;Ljava/lang/Object;)V' in 'java/awt/EventQueue')}
  0x00000194a2017cf4: c000 49b8 | c093 c8ba | 9401 0000 | 41ff 8028 | 0500 0048 | 81c4 d000 

  0x00000194a2017d0c: ;   {poll_return}
  0x00000194a2017d0c: 0000 5d49 | 3b67 280f | 87d3 0900 | 00c3 4c8b | 8424 a800 | 0000 4d85 

  0x00000194a2017d24: ;   {metadata(method data for {method} {0x00000194ba3caba0} 'dispatchEventImpl' '(Ljava/awt/AWTEvent;Ljava/lang/Object;)V' in 'java/awt/EventQueue')}
  0x00000194a2017d24: c948 bfc0 | 93c8 ba94 | 0100 0075 | 0c80 8fd9 | 0300 0001 | e9cf 0000 | 0041 8b59 | 0841 ba00 
  0x00000194a2017d44: 0000 1949 | 03da 483b | 9fe8 0300 | 0075 0d48 | 8387 f003 | 0000 01e9 | 6000 0000 | 483b 9ff8 
  0x00000194a2017d64: 0300 0075 | 0d48 8387 | 0004 0000 | 01e9 4a00 | 0000 4883 | bfe8 0300 | 0000 7517 | 4889 9fe8 
  0x00000194a2017d84: 0300 0048 | c787 f003 | 0000 0100 | 0000 e929 | 0000 0048 | 83bf f803 | 0000 0075 | 1748 899f 
  0x00000194a2017da4: f803 0000 | 48c7 8700 | 0400 0001 | 0000 00e9 | 0800 0000 | 4883 87e0 | 0300 0001 

  0x00000194a2017dc0: ;   {other}
  0x00000194a2017dc0: e94c 0900 | 0000 0000 | 0000 418b | 7908 41ba | 0000 0019 | 4903 fa48 | 3bfb 0f84 | 2c00 0000 
  0x00000194a2017de0: 8b73 1448 | 3b1c 370f | 841f 0000 | 0083 fe20 | 0f85 2509 | 0000 5753 

  0x00000194a2017df8: ;   {runtime_call C1 Runtime slow_subtype_check_blob}
  0x00000194a2017df8: e8e3 4e2c | 075f 5b85 | db0f 8414 | 0900 00e9 | 0000 0000 | 498b d166 | 0f1f 4400 | 0048 b8b8 
  0x00000194a2017e18: a3f4 be94 

  0x00000194a2017e1c: ;   {virtual_call}
  0x00000194a2017e1c: 0100 00e8 

  0x00000194a2017e20: ; ImmutableOopMap {}
                      ;*invokevirtual dispatchEvent {reexecute=0 rethrow=0 return_oop=0}
                      ; - java.awt.EventQueue::dispatchEventImpl@81 (line 721)
  0x00000194a2017e20: bc7b 1e07 

  0x00000194a2017e24: ;   {post_call_nop}
  0x00000194a2017e24: 0f1f 8400 | 1c16 000b 

  0x00000194a2017e2c: ;   {metadata(method data for {method} {0x00000194ba3caba0} 'dispatchEventImpl' '(Ljava/awt/AWTEvent;Ljava/lang/Object;)V' in 'java/awt/EventQueue')}
  0x00000194a2017e2c: 49b8 c093 | c8ba 9401 | 0000 41ff | 8040 0400 | 0048 81c4 | d000 0000 

  0x00000194a2017e44: ;   {poll_return}
  0x00000194a2017e44: 5d49 3b67 | 280f 87d5 | 0800 00c3 | 4c8b 8424 | a800 0000 

  0x00000194a2017e58: ;   {metadata(method data for {method} {0x00000194ba3caba0} 'dispatchEventImpl' '(Ljava/awt/AWTEvent;Ljava/lang/Object;)V' in 'java/awt/EventQueue')}
  0x00000194a2017e58: 4d85 c948 | bfc0 93c8 | ba94 0100 | 0075 0c80 | 8f11 0300 | 0001 e9a8 | 0000 0041 | 8b59 0841 
  0x00000194a2017e78: ba00 0000 | 1949 03da | 483b 9f20 | 0300 0075 | 0d48 8387 | 2803 0000 | 01e9 6000 | 0000 483b 
  0x00000194a2017e98: 9f30 0300 | 0075 0d48 | 8387 3803 | 0000 01e9 | 4a00 0000 | 4883 bf20 | 0300 0000 | 7517 4889 
  0x00000194a2017eb8: 9f20 0300 | 0048 c787 | 2803 0000 | 0100 0000 | e929 0000 | 0048 83bf | 3003 0000 | 0075 1748 
  0x00000194a2017ed8: 899f 3003 | 0000 48c7 | 8738 0300 | 0001 0000 | 00e9 0800 | 0000 4883 | 8718 0300 

  0x00000194a2017ef4: ;   {metadata('java/awt/MenuComponent')}
  0x00000194a2017ef4: 0001 48bb | 180b 171a | 0000 0000 | 418b 7108 | 41ba 0000 | 0019 4903 | f248 3bde | 0f85 2408 
  0x00000194a2017f14: 0000 e900 | 0000 0049 | 8bd1 483b | 0248 8bf2 

  0x00000194a2017f24: ;   {metadata(method data for {method} {0x00000194ba3caba0} 'dispatchEventImpl' '(Ljava/awt/AWTEvent;Ljava/lang/Object;)V' in 'java/awt/EventQueue')}
  0x00000194a2017f24: 48bf c093 | c8ba 9401 | 0000 8b76 | 0841 ba00 | 0000 1949 | 03f2 483b | b750 0300 | 0075 0d48 
  0x00000194a2017f44: 8387 5803 | 0000 01e9 | 6000 0000 | 483b b760 | 0300 0075 | 0d48 8387 | 6803 0000 | 01e9 4a00 
  0x00000194a2017f64: 0000 4883 | bf50 0300 | 0000 7517 | 4889 b750 | 0300 0048 | c787 5803 | 0000 0100 | 0000 e929 
  0x00000194a2017f84: 0000 0048 | 83bf 6003 | 0000 0075 | 1748 89b7 | 6003 0000 | 48c7 8768 | 0300 0001 | 0000 00e9 
  0x00000194a2017fa4: 0800 0000 | 4883 8748 | 0300 0001 | 0f1f 8000 

  0x00000194a2017fb4: ;   {optimized virtual_call}
  0x00000194a2017fb4: 0000 00e8 

  0x00000194a2017fb8: ; ImmutableOopMap {}
                      ;*invokevirtual dispatchEvent {reexecute=0 rethrow=0 return_oop=0}
                      ; - java.awt.EventQueue::dispatchEventImpl@63 (line 719)
  0x00000194a2017fb8: 2475 1e07 

  0x00000194a2017fbc: ;   {post_call_nop}
  0x00000194a2017fbc: 0f1f 8400 | b417 000c 

  0x00000194a2017fc4: ;   {metadata(method data for {method} {0x00000194ba3caba0} 'dispatchEventImpl' '(Ljava/awt/AWTEvent;Ljava/lang/Object;)V' in 'java/awt/EventQueue')}
  0x00000194a2017fc4: 49b8 c093 | c8ba 9401 | 0000 41ff | 8078 0300 | 0048 81c4 | d000 0000 

  0x00000194a2017fdc: ;   {poll_return}
  0x00000194a2017fdc: 5d49 3b67 | 280f 8761 | 0700 00c3 

  0x00000194a2017fe8: ;   {metadata(method data for {method} {0x00000194ba3caba0} 'dispatchEventImpl' '(Ljava/awt/AWTEvent;Ljava/lang/Object;)V' in 'java/awt/EventQueue')}
  0x00000194a2017fe8: 488b f248 | bfc0 93c8 | ba94 0100 | 0048 8387 | 2801 0000 | 0149 8bf0 | 4c8b c60f 

  0x00000194a2018004: ;   {optimized virtual_call}
  0x00000194a2018004: 1f40 00e8 

  0x00000194a2018008: ; ImmutableOopMap {[168]=Oop }
                      ;*invokevirtual setCurrentEventAndMostRecentTimeImpl {reexecute=0 rethrow=0 return_oop=0}
                      ; - java.awt.EventQueue::dispatchEventImpl@14 (line 713)
  0x00000194a2018008: 14ce ffff 

  0x00000194a201800c: ;   {post_call_nop}
  0x00000194a201800c: 0f1f 8400 | 0418 000d | 4c8b 8424 | a800 0000 

  0x00000194a201801c: ;   {metadata(method data for {method} {0x00000194ba3caba0} 'dispatchEventImpl' '(Ljava/awt/AWTEvent;Ljava/lang/Object;)V' in 'java/awt/EventQueue')}
  0x00000194a201801c: 4d85 c048 | bfc0 93c8 | ba94 0100 | 0075 0c80 | 8f51 0100 | 0001 e9c3 | 0000 0041 | 8b58 0841 
  0x00000194a201803c: ba00 0000 | 1949 03da | 483b 9f60 | 0100 0075 | 0d48 8387 | 6801 0000 | 01e9 6000 | 0000 483b 
  0x00000194a201805c: 9f70 0100 | 0075 0d48 | 8387 7801 | 0000 01e9 | 4a00 0000 | 4883 bf60 | 0100 0000 | 7517 4889 
  0x00000194a201807c: 9f60 0100 | 0048 c787 | 6801 0000 | 0100 0000 | e929 0000 | 0048 83bf | 7001 0000 | 0075 1748 
  0x00000194a201809c: 899f 7001 | 0000 48c7 | 8778 0100 | 0001 0000 | 00e9 0800 | 0000 4883 | 8758 0100 

  0x00000194a20180b8: ;   {metadata('java/awt/ActiveEvent')}
  0x00000194a20180b8: 0001 48bb | 1802 0a1a | 0000 0000 | 418b 7808 | 41ba 0000 | 0019 4903 | fa48 3b5f | 200f 841f 
  0x00000194a20180d8: 0000 0048 | 3bfb 0f84 | 1600 0000 

  0x00000194a20180e4: ;   {runtime_call C1 Runtime slow_subtype_check_blob}
  0x00000194a20180e4: 5753 e8f5 | 4b2c 075f | 5f85 ff0f | 8469 0600 | 00e9 0000 | 0000 498b | d048 3b02 

  0x00000194a2018100: ;   {metadata(method data for {method} {0x00000194ba3caba0} 'dispatchEventImpl' '(Ljava/awt/AWTEvent;Ljava/lang/Object;)V' in 'java/awt/EventQueue')}
  0x00000194a2018100: 488b f248 | bfc0 93c8 | ba94 0100 | 008b 7608 | 41ba 0000 | 0019 4903 | f248 3bb7 | 9001 0000 
  0x00000194a2018120: 750d 4883 | 8798 0100 | 0001 e960 | 0000 0048 | 3bb7 a001 | 0000 750d | 4883 87a8 | 0100 0001 
  0x00000194a2018140: e94a 0000 | 0048 83bf | 9001 0000 | 0075 1748 | 89b7 9001 | 0000 48c7 | 8798 0100 | 0001 0000 
  0x00000194a2018160: 00e9 2900 | 0000 4883 | bfa0 0100 | 0000 7517 | 4889 b7a0 | 0100 0048 | c787 a801 | 0000 0100 
  0x00000194a2018180: 0000 e908 | 0000 0048 | 8387 8801 | 0000 0166 | 0f1f 4400 | 0048 b8e0 | a3f4 be94 

  0x00000194a201819c: ;   {virtual_call}
  0x00000194a201819c: 0100 00e8 

  0x00000194a20181a0: ; ImmutableOopMap {}
                      ;*invokeinterface dispatch {reexecute=0 rethrow=0 return_oop=0}
                      ; - java.awt.EventQueue::dispatchEventImpl@21 (line 714)
  0x00000194a20181a0: 2caf 2e07 

  0x00000194a20181a4: ;   {post_call_nop}
  0x00000194a20181a4: 0f1f 8400 | 9c19 000e 

  0x00000194a20181ac: ;   {metadata(method data for {method} {0x00000194ba3caba0} 'dispatchEventImpl' '(Ljava/awt/AWTEvent;Ljava/lang/Object;)V' in 'java/awt/EventQueue')}
  0x00000194a20181ac: 48ba c093 | c8ba 9401 | 0000 ff82 | b801 0000 | 4881 c4d0 | 0000 005d 

  0x00000194a20181c4: ;   {poll_return}
  0x00000194a20181c4: 493b 6728 | 0f87 9e05 | 0000 c390 

  0x00000194a20181d0: ;   {other}
  0x00000194a20181d0: e9bc 0500 | 0000 0000 | 0000 80ba | 3001 0000 | 040f 85b9 | 0500 0049 | 8b87 b001 | 0000 488d 
  0x00000194a20181f0: 7828 493b | bfc0 0100 | 000f 87a1 | 0500 0049 | 89bf b001 | 0000 48c7 | 0001 0000 | 0048 8bca 
  0x00000194a2018210: 41ba 0000 | 0019 492b | ca89 4808 | 4833 c989 | 480c 4833 | c948 8948 | 1048 8948 | 1848 8948 
  0x00000194a2018230: 2048 8bd0 

  0x00000194a2018234: ;   {metadata(method data for {method} {0x00000000194817c8} 'lookup' '()Ljava/lang/invoke/MethodHandles$Lookup;' in 'java/lang/invoke/MethodHandles')}
  0x00000194a2018234: 48be 80bf | a3ba 9401 | 0000 4883 | 8608 0100 

  0x00000194a2018244: ;   {oop("no caller frame"{0x00000007ffe3b538})}
  0x00000194a2018244: 0001 49b8 | 38b5 e3ff | 0700 0000 | 488b d048 | 8984 24c0 | 0000 000f 

  0x00000194a201825c: ;   {optimized virtual_call}
  0x00000194a201825c: 1f40 00e8 

  0x00000194a2018260: ; ImmutableOopMap {[168]=Oop [192]=Oop }
                      ;*invokespecial <init> {reexecute=0 rethrow=0 return_oop=0}
                      ; - java.lang.invoke.MethodHandles::lookup@14 (line 129)
                      ; - sun.awt.AWTAccessor::ensureClassInitialized@0 (line 1464)
                      ; - sun.awt.AWTAccessor::getInputEventAccessor@10 (line 963)
                      ; - java.awt.AWTEvent::dispatched@7 (line 571)
                      ; - java.awt.EventQueue::dispatchEventImpl@45 (line 717)
  0x00000194a2018260: 7c72 1e07 

  0x00000194a2018264: ;   {post_call_nop}
  0x00000194a2018264: 0f1f 8400 | 5c1a 000f | 488b 8424 | c000 0000 | e9a0 0500 | 0049 8b87 | 6805 0000 | 4d33 d24d 
  0x00000194a2018284: 8997 6805 | 0000 4d33 | d24d 8997 | 7005 0000 

  0x00000194a2018294: ;   {oop(a 'java/lang/Class'{0x00000007044652f8} = 'sun/awt/AWTAccessor')}
  0x00000194a2018294: 48be f852 | 4604 0700 | 0000 8bb6 | 8c00 0000 | 48c1 e603 | 4c8b 8424 | a800 0000 

  0x00000194a20182b0: ;   {metadata(method data for {method} {0x00000194ba149758} 'dispatched' '()V' in 'java/awt/AWTEvent')}
  0x00000194a20182b0: 4d85 c048 | b810 a2c8 | ba94 0100 | 0075 0c80 | 8831 0100 | 0001 e9a9 | 0000 0041 | 8b50 0841 
  0x00000194a20182d0: ba00 0000 | 1949 03d2 | 483b 9040 | 0100 0075 | 0d48 8380 | 4801 0000 | 01e9 6000 | 0000 483b 
  0x00000194a20182f0: 9050 0100 | 0075 0d48 | 8380 5801 | 0000 01e9 | 4a00 0000 | 4883 b840 | 0100 0000 | 7517 4889 
  0x00000194a2018310: 9040 0100 | 0048 c780 | 4801 0000 | 0100 0000 | e929 0000 | 0048 83b8 | 5001 0000 | 0075 1748 
  0x00000194a2018330: 8990 5001 | 0000 48c7 | 8058 0100 | 0001 0000 | 00e9 0800 | 0000 4883 | 8038 0100 

  0x00000194a201834c: ;   {metadata('java/awt/event/InputEvent')}
  0x00000194a201834c: 0001 48ba | a8f4 011a | 0000 0000 | 418b 4008 | 41ba 0000 | 0019 4903 | c248 3b50 | 500f 853e 
  0x00000194a201836c: 0400 00e9 | 0000 0000 | 498b f848 | 85f6 0f84 | 2500 0000 

  0x00000194a2018380: ;   {metadata('java/awt/event/InputEvent$1')}
  0x00000194a2018380: 48b9 e0ff | 011a 0000 | 0000 8b56 | 0841 ba00 | 0000 1949 | 03d2 483b | 4a38 0f85 | 1604 0000 
  0x00000194a20183a0: e900 0000 | 0048 8bde 

  0x00000194a20183a8: ; implicit exception: dispatches to 0x00000194a20187bb
                      ;   {metadata(method data for {method} {0x00000194ba149758} 'dispatched' '()V' in 'java/awt/AWTEvent')}
  0x00000194a20183a8: 483b 0648 | bb10 a2c8 | ba94 0100 

  0x00000194a20183b4: ;   {metadata('java/awt/event/InputEvent$1')}
  0x00000194a20183b4: 0049 bae0 | ff01 1a00 | 0000 004c | 8993 7001 | 0000 4883 | 8378 0100 

  0x00000194a20183cc: ;   {metadata(method data for {method} {0x00000194ba150098} 'setCanAccessSystemClipboard' '(Ljava/awt/event/InputEvent;Z)V' in 'java/awt/event/InputEvent$1')}
  0x00000194a20183cc: 0001 48be | 28a5 c8ba | 9401 0000 | 8b9e 9000 | 0000 83c3 | 0289 9e90 | 0000 0081 | e3fe ff1f 
  0x00000194a20183ec: 0085 db0f | 84cb 0300 | 00c6 4728 

  0x00000194a20183f8: ;   {metadata(method data for {method} {0x00000194ba3caba0} 'dispatchEventImpl' '(Ljava/awt/AWTEvent;Ljava/lang/Object;)V' in 'java/awt/EventQueue')}
  0x00000194a20183f8: 0048 bec0 | 93c8 ba94 | 0100 00ff | 86b0 0200 | 0048 81c4 | d000 0000 

  0x00000194a2018410: ;   {poll_return}
  0x00000194a2018410: 5d49 3b67 | 280f 87cb | 0300 00c3 

  0x00000194a201841c: ;   {metadata({method} {0x00000194ba3caba0} 'dispatchEventImpl' '(Ljava/awt/AWTEvent;Ljava/lang/Object;)V' in 'java/awt/EventQueue')}
  0x00000194a201841c: 49ba 98ab | 3cba 9401 | 0000 4c89 | 5424 0848 | c704 24ff 

  0x00000194a2018430: ;   {runtime_call C1 Runtime counter_overflow_blob}
  0x00000194a2018430: ffff ffe8 

  0x00000194a2018434: ; ImmutableOopMap {rdx=Oop r8=Oop r9=Oop [168]=Oop }
                      ;*synchronization entry
                      ; - java.awt.EventQueue::dispatchEventImpl@-1 (line 710)
  0x00000194a2018434: 287c 2c07 | e931 e5ff 

  0x00000194a201843c: ;   {runtime_call C1 Runtime throw_null_pointer_exception_blob}
  0x00000194a201843c: ffe8 9e0b 

  0x00000194a2018440: ; ImmutableOopMap {rdx=Oop r8=Oop r9=Oop [168]=Oop }
                      ;*putfield isPosted {reexecute=1 rethrow=0 return_oop=0}
                      ; - (reexecute) java.awt.EventQueue::dispatchEventImpl@2 (line 710)
  0x00000194a2018440: 2c07 4c89 

  0x00000194a2018444: ;   {runtime_call C1 Runtime throw_class_cast_exception_blob}
  0x00000194a2018444: 0c24 e895 

  0x00000194a2018448: ; ImmutableOopMap {r8=Oop [168]=Oop }
                      ;*checkcast {reexecute=0 rethrow=0 return_oop=0}
                      ; - java.awt.EventQueue::dispatchEventImpl@37 (line 716)
                      ;   {runtime_call C1 Runtime throw_null_pointer_exception_blob}
  0x00000194a2018448: 3d2c 07e8 

  0x00000194a201844c: ; ImmutableOopMap {r8=Oop rdx=Oop [168]=Oop }
                      ;*invokevirtual dispatchEvent {reexecute=0 rethrow=0 return_oop=0}
                      ; - java.awt.EventQueue::dispatchEventImpl@41 (line 716)
  0x00000194a201844c: 900b 2c07 

  0x00000194a2018450: ;   {metadata({method} {0x00000194ba04c770} 'dispatchEvent' '(Ljava/awt/AWTEvent;)V' in 'java/awt/Component')}
  0x00000194a2018450: 49ba 68c7 | 04ba 9401 | 0000 4c89 | 5424 0848 | c704 24ff 

  0x00000194a2018464: ;   {runtime_call C1 Runtime counter_overflow_blob}
  0x00000194a2018464: ffff ffe8 

  0x00000194a2018468: ; ImmutableOopMap {r8=Oop rdx=Oop [168]=Oop }
                      ;*synchronization entry
                      ; - java.awt.Component::dispatchEvent@-1 (line 4784)
                      ; - java.awt.EventQueue::dispatchEventImpl@41 (line 716)
  0x00000194a2018468: f47b 2c07 | e98c e8ff 

  0x00000194a2018470: ;   {metadata({method} {0x00000194ba149758} 'dispatched' '()V' in 'java/awt/AWTEvent')}
  0x00000194a2018470: ff49 ba50 | 9714 ba94 | 0100 004c | 8954 2408 | 48c7 0424 | ffff ffff 

  0x00000194a2018488: ;   {runtime_call C1 Runtime counter_overflow_blob}
  0x00000194a2018488: e8d3 7b2c 

  0x00000194a201848c: ; ImmutableOopMap {[168]=Oop }
                      ;*synchronization entry
                      ; - java.awt.AWTEvent::dispatched@-1 (line 570)
                      ; - java.awt.EventQueue::dispatchEventImpl@45 (line 717)
  0x00000194a201848c: 07e9 d6e9 

  0x00000194a2018490: ;   {metadata({method} {0x00000194ba123590} 'getInputEventAccessor' '()Lsun/awt/AWTAccessor$InputEventAccessor;' in 'sun/awt/AWTAccessor')}
  0x00000194a2018490: ffff 49ba | 8835 12ba | 9401 0000 | 4c89 5424 | 0848 c704 | 24ff ffff 

  0x00000194a20184a8: ;   {runtime_call C1 Runtime counter_overflow_blob}
  0x00000194a20184a8: ffe8 b27b 

  0x00000194a20184ac: ; ImmutableOopMap {r8=Oop [168]=Oop }
                      ;*synchronization entry
                      ; - sun.awt.AWTAccessor::getInputEventAccessor@-1 (line 961)
                      ; - java.awt.AWTEvent::dispatched@7 (line 571)
                      ; - java.awt.EventQueue::dispatchEventImpl@45 (line 717)
  0x00000194a20184ac: 2c07 e9ee 

  0x00000194a20184b0: ;   {metadata({method} {0x00000194ba125d50} 'ensureClassInitialized' '(Ljava/lang/Class;)V' in 'sun/awt/AWTAccessor')}
  0x00000194a20184b0: eaff ff49 | ba48 5d12 | ba94 0100 | 004c 8954 | 2408 48c7 | 0424 ffff 

  0x00000194a20184c8: ;   {runtime_call C1 Runtime counter_overflow_blob}
  0x00000194a20184c8: ffff e891 

  0x00000194a20184cc: ; ImmutableOopMap {[168]=Oop }
                      ;*synchronization entry
                      ; - sun.awt.AWTAccessor::ensureClassInitialized@-1 (line 1464)
                      ; - sun.awt.AWTAccessor::getInputEventAccessor@10 (line 963)
                      ; - java.awt.AWTEvent::dispatched@7 (line 571)
                      ; - java.awt.EventQueue::dispatchEventImpl@45 (line 717)
  0x00000194a20184cc: 7b2c 07e9 | 45eb ffff 

  0x00000194a20184d4: ;   {metadata({method} {0x00000000194817c8} 'lookup' '()Ljava/lang/invoke/MethodHandles$Lookup;' in 'java/lang/invoke/MethodHandles')}
  0x00000194a20184d4: 49ba c017 | 4819 0000 | 0000 4c89 | 5424 0848 | c704 24ff 

  0x00000194a20184e8: ;   {runtime_call C1 Runtime counter_overflow_blob}
  0x00000194a20184e8: ffff ffe8 

  0x00000194a20184ec: ; ImmutableOopMap {[168]=Oop }
                      ;*synchronization entry
                      ; - java.lang.invoke.MethodHandles::lookup@-1 (line 127)
                      ; - sun.awt.AWTAccessor::ensureClassInitialized@0 (line 1464)
                      ; - sun.awt.AWTAccessor::getInputEventAccessor@10 (line 963)
                      ; - java.awt.AWTEvent::dispatched@7 (line 571)
                      ; - java.awt.EventQueue::dispatchEventImpl@45 (line 717)
  0x00000194a20184ec: 707b 2c07 | e95d ebff | ff48 8bd2 

  0x00000194a20184f8: ;   {runtime_call C1 Runtime fast_new_instance_blob}
  0x00000194a20184f8: e8e3 142c 

  0x00000194a20184fc: ; ImmutableOopMap {r8=Oop [168]=Oop }
                      ;*new {reexecute=0 rethrow=0 return_oop=0}
                      ; - java.lang.invoke.MethodHandles::lookup@18 (line 131)
                      ; - sun.awt.AWTAccessor::ensureClassInitialized@0 (line 1464)
                      ; - sun.awt.AWTAccessor::getInputEventAccessor@10 (line 963)
                      ; - java.awt.AWTEvent::dispatched@7 (line 571)
                      ; - java.awt.EventQueue::dispatchEventImpl@45 (line 717)
  0x00000194a20184fc: 07e9 f0eb 

  0x00000194a2018500: ;   {metadata({method} {0x0000000019485a20} '<init>' '(Ljava/lang/Class;)V' in 'java/lang/invoke/MethodHandles$Lookup')}
  0x00000194a2018500: ffff 49ba | 185a 4819 | 0000 0000 | 4c89 5424 | 0848 c704 | 24ff ffff 

  0x00000194a2018518: ;   {runtime_call C1 Runtime counter_overflow_blob}
  0x00000194a2018518: ffe8 427b 

  0x00000194a201851c: ; ImmutableOopMap {r8=Oop rax=Oop [168]=Oop }
                      ;*synchronization entry
                      ; - java.lang.invoke.MethodHandles$Lookup::<init>@-1 (line 1535)
                      ; - java.lang.invoke.MethodHandles::lookup@23 (line 131)
                      ; - sun.awt.AWTAccessor::ensureClassInitialized@0 (line 1464)
                      ; - sun.awt.AWTAccessor::getInputEventAccessor@10 (line 963)
                      ; - java.awt.AWTEvent::dispatched@7 (line 571)
                      ; - java.awt.EventQueue::dispatchEventImpl@45 (line 717)
  0x00000194a201851c: 2c07 e90d 

  0x00000194a2018520: ;   {metadata(nullptr)}
  0x00000194a2018520: ecff ff48 | b800 0000 | 0000 0000 | 00b8 000f 

  0x00000194a2018530: ;   {runtime_call C1 Runtime load_klass_patching_blob}
  0x00000194a2018530: 050a e8a9 

  0x00000194a2018534: ; ImmutableOopMap {rdx=Oop r9=Oop [168]=Oop }
                      ;*instanceof {reexecute=1 rethrow=0 return_oop=0}
                      ; - (reexecute) java.awt.EventQueue::dispatchEventImpl@70 (line 720)
  0x00000194a2018534: 642c 07e9 | 94ee ffff 

  0x00000194a201853c: ;   {metadata({method} {0x00000194ba3ca1d8} 'noEvents' '()Z' in 'java/awt/EventQueue')}
  0x00000194a201853c: 49ba d0a1 | 3cba 9401 | 0000 4c89 | 5424 0848 | c704 24ff 

  0x00000194a2018550: ;   {runtime_call C1 Runtime counter_overflow_blob}
  0x00000194a2018550: ffff ffe8 

  0x00000194a2018554: ; ImmutableOopMap {rdx=Oop }
                      ;*synchronization entry
                      ; - java.awt.EventQueue::noEvents@-1 (line 511)
                      ; - java.awt.EventQueue::dispatchEventImpl@95 (line 723)
  0x00000194a2018554: 087b 2c07 | e926 f0ff 

  0x00000194a201855c: ;   {runtime_call C1 Runtime throw_null_pointer_exception_blob}
  0x00000194a201855c: ffe8 7e0a 

  0x00000194a2018560: ; ImmutableOopMap {rdx=Oop rdi=Oop }
                      ;*aaload {reexecute=0 rethrow=0 return_oop=0}
                      ; - java.awt.EventQueue::noEvents@12 (line 512)
                      ; - java.awt.EventQueue::dispatchEventImpl@95 (line 723)
                      ;   {runtime_call C1 Runtime throw_null_pointer_exception_blob}
  0x00000194a2018560: 2c07 e879 

  0x00000194a2018564: ; ImmutableOopMap {rdx=Oop rdi=Oop }
                      ;*aaload {reexecute=0 rethrow=0 return_oop=0}
                      ; - java.awt.EventQueue::noEvents@12 (line 512)
                      ; - java.awt.EventQueue::dispatchEventImpl@95 (line 723)
  0x00000194a2018564: 0a2c 0748 | 8934 2448 | 897c 2408 

  0x00000194a2018570: ;   {runtime_call C1 Runtime throw_range_check_failed_blob}
  0x00000194a2018570: e86b 012c 

  0x00000194a2018574: ; ImmutableOopMap {rdx=Oop rdi=Oop }
                      ;*aaload {reexecute=0 rethrow=0 return_oop=0}
                      ; - java.awt.EventQueue::noEvents@12 (line 512)
                      ; - java.awt.EventQueue::dispatchEventImpl@95 (line 723)
                      ;   {runtime_call C1 Runtime throw_null_pointer_exception_blob}
  0x00000194a2018574: 07e8 660a 

  0x00000194a2018578: ; ImmutableOopMap {rdx=Oop }
                      ;*getfield head {reexecute=1 rethrow=0 return_oop=0}
                      ; - (reexecute) java.awt.EventQueue::noEvents@13 (line 512)
                      ; - java.awt.EventQueue::dispatchEventImpl@95 (line 723)
                      ;   {metadata({method} {0x00000194ba3ca1d8} 'noEvents' '()Z' in 'java/awt/EventQueue')}
  0x00000194a2018578: 2c07 49ba | d0a1 3cba | 9401 0000 | 4c89 5424 | 0848 c704 | 2418 0000 

  0x00000194a2018590: ;   {runtime_call C1 Runtime counter_overflow_blob}
  0x00000194a2018590: 00e8 ca7a 

  0x00000194a2018594: ; ImmutableOopMap {rdx=Oop }
                      ;*goto {reexecute=1 rethrow=0 return_oop=0}
                      ; - (reexecute) java.awt.EventQueue::noEvents@24 (line 511)
                      ; - java.awt.EventQueue::dispatchEventImpl@95 (line 723)
  0x00000194a2018594: 2c07 e96b 

  0x00000194a2018598: ;   {metadata({method} {0x00000194ba3c8fa8} 'getEventLog' '()Lsun/util/logging/PlatformLogger;' in 'java/awt/EventQueue')}
  0x00000194a2018598: f0ff ff49 | baa0 8f3c | ba94 0100 | 004c 8954 | 2408 48c7 | 0424 ffff 

  0x00000194a20185b0: ;   {runtime_call C1 Runtime counter_overflow_blob}
  0x00000194a20185b0: ffff e8a9 

  0x00000194a20185b4: ; ImmutableOopMap {[168]=Oop }
                      ;*synchronization entry
                      ; - java.awt.EventQueue::getEventLog@-1 (line 171)
                      ; - java.awt.EventQueue::dispatchEventImpl@111 (line 727)
  0x00000194a20185b4: 7a2c 07e9 | 08f1 ffff | 418b 9080 | 0000 0048 | c1e2 0348 | 85d2 0f84 | 73f1 ffff | 4889 1424 
  0x00000194a20185d4: ;   {runtime_call g1_pre_barrier_slow}
  0x00000194a20185d4: e807 862c | 07e9 65f1 

  0x00000194a20185dc: ;   {runtime_call C1 Runtime throw_null_pointer_exception_blob}
  0x00000194a20185dc: ffff e8fd 

  0x00000194a20185e0: ; ImmutableOopMap {r8=Oop [168]=Oop }
                      ;*invokevirtual isLoggable {reexecute=0 rethrow=0 return_oop=0}
                      ; - java.awt.EventQueue::dispatchEventImpl@117 (line 727)
                      ;   {metadata({method} {0x00000194ba100c20} 'isLoggable' '(Lsun/util/logging/PlatformLogger$Level;)Z' in 'sun/util/logging/PlatformLogger')}
  0x00000194a20185e0: 092c 0749 | ba18 0c10 | ba94 0100 | 004c 8954 | 2408 48c7 | 0424 ffff 

  0x00000194a20185f8: ;   {runtime_call C1 Runtime counter_overflow_blob}
  0x00000194a20185f8: ffff e861 

  0x00000194a20185fc: ; ImmutableOopMap {r8=Oop [168]=Oop }
                      ;*synchronization entry
                      ; - sun.util.logging.PlatformLogger::isLoggable@-1 (line 336)
                      ; - java.awt.EventQueue::dispatchEventImpl@117 (line 727)
  0x00000194a20185fc: 7a2c 07e9 | dcf1 ffff 

  0x00000194a2018604: ;   {runtime_call C1 Runtime throw_null_pointer_exception_blob}
  0x00000194a2018604: e8d7 092c 

  0x00000194a2018608: ; ImmutableOopMap {rdx=Oop [168]=Oop }
                      ;*invokeinterface isLoggable {reexecute=0 rethrow=0 return_oop=0}
                      ; - sun.util.logging.PlatformLogger::isLoggable@17 (line 340)
                      ; - java.awt.EventQueue::dispatchEventImpl@117 (line 727)
                      ;   {metadata({method} {0x00000194ba3c8fa8} 'getEventLog' '()Lsun/util/logging/PlatformLogger;' in 'java/awt/EventQueue')}
  0x00000194a2018608: 0749 baa0 | 8f3c ba94 | 0100 004c | 8954 2408 | 48c7 0424 | ffff ffff 

  0x00000194a2018620: ;   {runtime_call C1 Runtime counter_overflow_blob}
  0x00000194a2018620: e83b 7a2c 

  0x00000194a2018624: ; ImmutableOopMap {[168]=Oop }
                      ;*synchronization entry
                      ; - java.awt.EventQueue::getEventLog@-1 (line 171)
                      ; - java.awt.EventQueue::dispatchEventImpl@123 (line 728)
  0x00000194a2018624: 07e9 e8f2 | ffff 8bb2 | 8000 0000 | 48c1 e603 | 4885 f60f | 8456 f3ff | ff48 8934 

  0x00000194a2018640: ;   {runtime_call g1_pre_barrier_slow}
  0x00000194a2018640: 24e8 9a85 | 2c07 e948 

  0x00000194a2018648: ;   {metadata({method} {0x00000000194b8b88} 'valueOf' '(Ljava/lang/Object;)Ljava/lang/String;' in 'java/lang/String')}
  0x00000194a2018648: f3ff ff49 | ba80 8b4b | 1900 0000 | 004c 8954 | 2408 48c7 | 0424 ffff 

  0x00000194a2018660: ;   {runtime_call C1 Runtime counter_overflow_blob}
  0x00000194a2018660: ffff e8f9 

  0x00000194a2018664: ; ImmutableOopMap {rsi=Oop r8=Oop [168]=Oop [184]=Oop }
                      ;*synchronization entry
                      ; - java.lang.String::valueOf@-1 (line 4817)
                      ; - java.awt.EventQueue::dispatchEventImpl@127 (line 728)
  0x00000194a2018664: 792c 07e9 | bcf3 ffff | 49b8 0000 | 0000 0000 | 0000 b800 

  0x00000194a2018678: ;   {runtime_call C1 Runtime load_appendix_patching_blob}
  0x00000194a2018678: 0f05 0ae8 

  0x00000194a201867c: ; ImmutableOopMap {rdi=Oop [184]=Oop }
                      ;*invokedynamic {reexecute=1 rethrow=0 return_oop=0}
                      ; - (reexecute) java.awt.EventQueue::dispatchEventImpl@130 (line 728)
  0x00000194a201867c: 6070 2c07 | e993 f4ff 

  0x00000194a2018684: ;   {runtime_call C1 Runtime throw_null_pointer_exception_blob}
  0x00000194a2018684: ffe8 5609 

  0x00000194a2018688: ; ImmutableOopMap {rax=Oop rsi=Oop [184]=Oop }
                      ;*invokevirtual fine {reexecute=0 rethrow=0 return_oop=0}
                      ; - java.awt.EventQueue::dispatchEventImpl@135 (line 728)
                      ;   {metadata({method} {0x00000194ba101878} 'fine' '(Ljava/lang/String;)V' in 'sun/util/logging/PlatformLogger')}
  0x00000194a2018688: 2c07 49ba | 7018 10ba | 9401 0000 | 4c89 5424 | 0848 c704 | 24ff ffff 

  0x00000194a20186a0: ;   {runtime_call C1 Runtime counter_overflow_blob}
  0x00000194a20186a0: ffe8 ba79 

  0x00000194a20186a4: ; ImmutableOopMap {rax=Oop rsi=Oop [184]=Oop }
                      ;*synchronization entry
                      ; - sun.util.logging.PlatformLogger::fine@-1 (line 449)
                      ; - java.awt.EventQueue::dispatchEventImpl@135 (line 728)
  0x00000194a20186a4: 2c07 e907 

  0x00000194a20186a8: ;   {runtime_call C1 Runtime throw_null_pointer_exception_blob}
  0x00000194a20186a8: f5ff ffe8 

  0x00000194a20186ac: ; ImmutableOopMap {rax=Oop rdx=Oop }
                      ;*invokeinterface log {reexecute=0 rethrow=0 return_oop=0}
                      ; - sun.util.logging.PlatformLogger::fine@12 (line 449)
                      ; - java.awt.EventQueue::dispatchEventImpl@135 (line 728)
  0x00000194a20186ac: 3009 2c07 

  0x00000194a20186b0: ;   {internal_word}
  0x00000194a20186b0: 49ba 847c | 01a2 9401 | 0000 4d89 | 97b8 0400 

  0x00000194a20186c0: ;   {runtime_call SafepointBlob}
  0x00000194a20186c0: 00e9 9a9e 

  0x00000194a20186c4: ;   {runtime_call C1 Runtime throw_null_pointer_exception_blob}
  0x00000194a20186c4: 1e07 e815 

  0x00000194a20186c8: ; ImmutableOopMap {r8=Oop }
                      ;*invokevirtual stopDispatching {reexecute=0 rethrow=0 return_oop=0}
                      ; - java.awt.EventQueue::dispatchEventImpl@105 (line 724)
                      ;   {metadata({method} {0x00000194ba785cb0} 'stopDispatching' '()V' in 'java/awt/EventDispatchThread')}
  0x00000194a20186c8: 092c 0749 | baa8 5c78 | ba94 0100 | 004c 8954 | 2408 48c7 | 0424 ffff 

  0x00000194a20186e0: ;   {runtime_call C1 Runtime counter_overflow_blob}
  0x00000194a20186e0: ffff e879 

  0x00000194a20186e4: ; ImmutableOopMap {r8=Oop }
                      ;*synchronization entry
                      ; - java.awt.EventDispatchThread::stopDispatching@-1 (line 85)
                      ; - java.awt.EventQueue::dispatchEventImpl@105 (line 724)
  0x00000194a20186e4: 792c 07e9 | fbf5 ffff 

  0x00000194a20186ec: ;   {internal_word}
  0x00000194a20186ec: 49ba 0f7d | 01a2 9401 | 0000 4d89 | 97b8 0400 

  0x00000194a20186fc: ;   {runtime_call SafepointBlob}
  0x00000194a20186fc: 00e9 5e9e 

  0x00000194a2018700: ;   {metadata(nullptr)}
  0x00000194a2018700: 1e07 48bb | 0000 0000 | 0000 0000 | b800 0f05 

  0x00000194a2018710: ;   {runtime_call C1 Runtime load_klass_patching_blob}
  0x00000194a2018710: 0ae8 ca62 

  0x00000194a2018714: ; ImmutableOopMap {r9=Oop r8=Oop [168]=Oop }
                      ;*checkcast {reexecute=1 rethrow=0 return_oop=0}
                      ; - (reexecute) java.awt.EventQueue::dispatchEventImpl@77 (line 721)
  0x00000194a2018714: 2c07 e9a5 | f6ff ff4c 

  0x00000194a201871c: ;   {runtime_call C1 Runtime throw_class_cast_exception_blob}
  0x00000194a201871c: 890c 24e8 

  0x00000194a2018720: ; ImmutableOopMap {r9=Oop r8=Oop [168]=Oop }
                      ;*checkcast {reexecute=0 rethrow=0 return_oop=0}
                      ; - java.awt.EventQueue::dispatchEventImpl@77 (line 721)
  0x00000194a2018720: bc3a 2c07 

  0x00000194a2018724: ;   {internal_word}
  0x00000194a2018724: 49ba 457e | 01a2 9401 | 0000 4d89 | 97b8 0400 

  0x00000194a2018734: ;   {runtime_call SafepointBlob}
  0x00000194a2018734: 00e9 269e | 1e07 4c89 

  0x00000194a201873c: ;   {runtime_call C1 Runtime throw_class_cast_exception_blob}
  0x00000194a201873c: 0c24 e89d 

  0x00000194a2018740: ; ImmutableOopMap {r8=Oop [168]=Oop }
                      ;*checkcast {reexecute=0 rethrow=0 return_oop=0}
                      ; - java.awt.EventQueue::dispatchEventImpl@59 (line 719)
                      ;   {runtime_call C1 Runtime throw_null_pointer_exception_blob}
  0x00000194a2018740: 3a2c 07e8 

  0x00000194a2018744: ; ImmutableOopMap {r8=Oop rdx=Oop [168]=Oop }
                      ;*invokevirtual dispatchEvent {reexecute=0 rethrow=0 return_oop=0}
                      ; - java.awt.EventQueue::dispatchEventImpl@63 (line 719)
  0x00000194a2018744: 9808 2c07 

  0x00000194a2018748: ;   {internal_word}
  0x00000194a2018748: 49ba dd7f | 01a2 9401 | 0000 4d89 | 97b8 0400 

  0x00000194a2018758: ;   {runtime_call SafepointBlob}
  0x00000194a2018758: 00e9 029e | 1e07 4c89 

  0x00000194a2018760: ;   {runtime_call C1 Runtime throw_class_cast_exception_blob}
  0x00000194a2018760: 0424 e879 

  0x00000194a2018764: ; ImmutableOopMap {}
                      ;*checkcast {reexecute=0 rethrow=0 return_oop=0}
                      ; - java.awt.EventQueue::dispatchEventImpl@18 (line 714)
                      ;   {runtime_call C1 Runtime throw_null_pointer_exception_blob}
  0x00000194a2018764: 3a2c 07e8 

  0x00000194a2018768: ; ImmutableOopMap {rdx=Oop }
                      ;*invokeinterface dispatch {reexecute=0 rethrow=0 return_oop=0}
                      ; - java.awt.EventQueue::dispatchEventImpl@21 (line 714)
  0x00000194a2018768: 7408 2c07 

  0x00000194a201876c: ;   {internal_word}
  0x00000194a201876c: 49ba c481 | 01a2 9401 | 0000 4d89 | 97b8 0400 

  0x00000194a201877c: ;   {runtime_call SafepointBlob}
  0x00000194a201877c: 00e9 de9d 

  0x00000194a2018780: ;   {metadata(nullptr)}
  0x00000194a2018780: 1e07 48ba | 0000 0000 | 0000 0000 | b800 0f05 

  0x00000194a2018790: ;   {runtime_call C1 Runtime load_klass_patching_blob}
  0x00000194a2018790: 0ae8 4a62 

  0x00000194a2018794: ; ImmutableOopMap {[168]=Oop }
                      ;*new {reexecute=1 rethrow=0 return_oop=0}
                      ; - (reexecute) java.lang.invoke.MethodHandles::lookup@8 (line 129)
                      ; - sun.awt.AWTAccessor::ensureClassInitialized@0 (line 1464)
                      ; - sun.awt.AWTAccessor::getInputEventAccessor@10 (line 963)
                      ; - java.awt.AWTEvent::dispatched@7 (line 571)
                      ; - java.awt.EventQueue::dispatchEventImpl@45 (line 717)
  0x00000194a2018794: 2c07 e935 

  0x00000194a2018798: ;   {runtime_call C1 Runtime throw_null_pointer_exception_blob}
  0x00000194a2018798: faff ffe8 

  0x00000194a201879c: ; ImmutableOopMap {[168]=Oop }
                      ;*new {reexecute=0 rethrow=0 return_oop=0}
                      ; - java.lang.invoke.MethodHandles::lookup@8 (line 129)
                      ; - sun.awt.AWTAccessor::ensureClassInitialized@0 (line 1464)
                      ; - sun.awt.AWTAccessor::getInputEventAccessor@10 (line 963)
                      ; - java.awt.AWTEvent::dispatched@7 (line 571)
                      ; - java.awt.EventQueue::dispatchEventImpl@45 (line 717)
  0x00000194a201879c: 4008 2c07 

  0x00000194a20187a0: ;   {runtime_call C1 Runtime fast_new_instance_init_check_blob}
  0x00000194a20187a0: 488b d2e8 

  0x00000194a20187a4: ; ImmutableOopMap {[168]=Oop }
                      ;*new {reexecute=0 rethrow=0 return_oop=0}
                      ; - java.lang.invoke.MethodHandles::lookup@8 (line 129)
                      ; - sun.awt.AWTAccessor::ensureClassInitialized@0 (line 1464)
                      ; - sun.awt.AWTAccessor::getInputEventAccessor@10 (line 963)
                      ; - java.awt.AWTEvent::dispatched@7 (line 571)
                      ; - java.awt.EventQueue::dispatchEventImpl@45 (line 717)
  0x00000194a20187a4: b815 2c07 | e984 faff | ff4c 8904 

  0x00000194a20187b0: ;   {runtime_call C1 Runtime throw_class_cast_exception_blob}
  0x00000194a20187b0: 24e8 2a3a 

  0x00000194a20187b4: ; ImmutableOopMap {rsi=Oop }
                      ;*checkcast {reexecute=0 rethrow=0 return_oop=0}
                      ; - java.awt.AWTEvent::dispatched@11 (line 571)
                      ; - java.awt.EventQueue::dispatchEventImpl@45 (line 717)
                      ;   {runtime_call C1 Runtime throw_incompatible_class_change_error_blob}
  0x00000194a20187b4: 2c07 e825 

  0x00000194a20187b8: ; ImmutableOopMap {rsi=Oop rdi=Oop }
                      ;*invokeinterface setCanAccessSystemClipboard {reexecute=0 rethrow=0 return_oop=0}
                      ; - java.awt.AWTEvent::dispatched@15 (line 572)
                      ; - java.awt.EventQueue::dispatchEventImpl@45 (line 717)
                      ;   {runtime_call C1 Runtime throw_null_pointer_exception_blob}
  0x00000194a20187b8: 422c 07e8 

  0x00000194a20187bc: ; ImmutableOopMap {rsi=Oop rdi=Oop }
                      ;*invokeinterface setCanAccessSystemClipboard {reexecute=0 rethrow=0 return_oop=0}
                      ; - java.awt.AWTEvent::dispatched@15 (line 572)
                      ; - java.awt.EventQueue::dispatchEventImpl@45 (line 717)
  0x00000194a20187bc: 2008 2c07 

  0x00000194a20187c0: ;   {metadata({method} {0x00000194ba150098} 'setCanAccessSystemClipboard' '(Ljava/awt/event/InputEvent;Z)V' in 'java/awt/event/InputEvent$1')}
  0x00000194a20187c0: 49ba 9000 | 15ba 9401 | 0000 4c89 | 5424 0848 | c704 24ff 

  0x00000194a20187d4: ;   {runtime_call C1 Runtime counter_overflow_blob}
  0x00000194a20187d4: ffff ffe8 

  0x00000194a20187d8: ; ImmutableOopMap {rdi=Oop }
                      ;*synchronization entry
                      ; - java.awt.event.InputEvent$1::setCanAccessSystemClipboard@-1 (line 338)
                      ; - java.awt.AWTEvent::dispatched@15 (line 572)
                      ; - java.awt.EventQueue::dispatchEventImpl@45 (line 717)
  0x00000194a20187d8: 8478 2c07 | e914 fcff 

  0x00000194a20187e0: ;   {runtime_call C1 Runtime throw_null_pointer_exception_blob}
  0x00000194a20187e0: ffe8 fa07 

  0x00000194a20187e4: ; ImmutableOopMap {}
                      ;*putfield canAccessSystemClipboard {reexecute=1 rethrow=0 return_oop=0}
                      ; - (reexecute) java.awt.event.InputEvent$1::setCanAccessSystemClipboard@2 (line 338)
                      ; - java.awt.AWTEvent::dispatched@15 (line 572)
                      ; - java.awt.EventQueue::dispatchEventImpl@45 (line 717)
                      ;   {internal_word}
  0x00000194a20187e4: 2c07 49ba | 1184 01a2 | 9401 0000 | 4d89 97b8 

  0x00000194a20187f4: ;   {runtime_call SafepointBlob}
  0x00000194a20187f4: 0400 00e9 | 649d 1e07 | 498b 8768 | 0500 0049 | c787 6805 | 0000 0000 | 0000 49c7 | 8770 0500 
  0x00000194a2018814: 0000 0000 | 0048 81c4 | d000 0000 

  0x00000194a2018820: ;   {runtime_call C1 Runtime unwind_exception_blob}
  0x00000194a2018820: 5de9 baf8 | 2b07 f4f4 
[Stub Code]
  0x00000194a2018828: ;   {other}
  0x00000194a2018828: 0f1f 4400 

  0x00000194a201882c: ;   {static_stub}
  0x00000194a201882c: 0048 bb00 | 0000 0000 

  0x00000194a2018834: ;   {runtime_call nmethod}
  0x00000194a2018834: 0000 00e9 | fbff ffff 

  0x00000194a201883c: ;   {static_stub}
  0x00000194a201883c: 9048 bb00 | 0000 0000 

  0x00000194a2018844: ;   {runtime_call nmethod}
  0x00000194a2018844: 0000 00e9 | fbff ffff 

  0x00000194a201884c: ;   {static_stub}
  0x00000194a201884c: 9048 bb00 | 0000 0000 

  0x00000194a2018854: ;   {runtime_call nmethod}
  0x00000194a2018854: 0000 00e9 | fbff ffff 

  0x00000194a201885c: ;   {static_stub}
  0x00000194a201885c: 9048 bb00 | 0000 0000 

  0x00000194a2018864: ;   {runtime_call nmethod}
  0x00000194a2018864: 0000 00e9 | fbff ffff 

  0x00000194a201886c: ;   {static_stub}
  0x00000194a201886c: 9048 bb00 | 0000 0000 

  0x00000194a2018874: ;   {runtime_call nmethod}
  0x00000194a2018874: 0000 00e9 | fbff ffff 

  0x00000194a201887c: ;   {static_stub}
  0x00000194a201887c: 9048 bb00 | 0000 0000 

  0x00000194a2018884: ;   {runtime_call nmethod}
  0x00000194a2018884: 0000 00e9 | fbff ffff 

  0x00000194a201888c: ;   {static_stub}
  0x00000194a201888c: 9048 bb00 | 0000 0000 

  0x00000194a2018894: ;   {runtime_call nmethod}
  0x00000194a2018894: 0000 00e9 | fbff ffff 

  0x00000194a201889c: ;   {static_stub}
  0x00000194a201889c: 9048 bb00 | 0000 0000 

  0x00000194a20188a4: ;   {runtime_call nmethod}
  0x00000194a20188a4: 0000 00e9 | fbff ffff 

  0x00000194a20188ac: ;   {static_stub}
  0x00000194a20188ac: 9048 bb00 | 0000 0000 

  0x00000194a20188b4: ;   {runtime_call nmethod}
  0x00000194a20188b4: 0000 00e9 | fbff ffff 

  0x00000194a20188bc: ;   {static_stub}
  0x00000194a20188bc: 48bb 0000 | 0000 0000 

  0x00000194a20188c4: ;   {runtime_call nmethod}
  0x00000194a20188c4: 0000 e9fb 

  0x00000194a20188c8: ;   {static_stub}
  0x00000194a20188c8: ffff ff48 | bb00 0000 | 0000 0000 

  0x00000194a20188d4: ;   {runtime_call nmethod}
  0x00000194a20188d4: 00e9 fbff 

  0x00000194a20188d8: ;   {static_stub}
  0x00000194a20188d8: ffff 48bb | 0000 0000 | 0000 0000 

  0x00000194a20188e4: ;   {runtime_call nmethod}
  0x00000194a20188e4: e9fb ffff 

  0x00000194a20188e8: ;   {static_stub}
  0x00000194a20188e8: ff48 bb00 | 0000 0000 

  0x00000194a20188f0: ;   {runtime_call nmethod}
  0x00000194a20188f0: 0000 00e9 | fbff ffff 

  0x00000194a20188f8: ;   {static_stub}
  0x00000194a20188f8: 48bb 0000 | 0000 0000 

  0x00000194a2018900: ;   {runtime_call nmethod}
  0x00000194a2018900: 0000 e9fb 

  0x00000194a2018904: ;   {runtime_call C1 Runtime handle_exception_from_callee_blob}
  0x00000194a2018904: ffff ffe8 | d432 2c07 

  0x00000194a201890c: ;   {external_word}
  0x00000194a201890c: 48b9 3872 | 3f9c fa7f | 0000 4883 

  0x00000194a2018918: ;   {runtime_call}
  0x00000194a2018918: e4f0 48b8 | 30e5 009c | fa7f 0000 

  0x00000194a2018924: ;   {runtime_call DeoptimizationBlob}
  0x00000194a2018924: ffd0 f4e8 | b483 1e07 
[Deopt Handler Entry Point]
  0x00000194a201892c: ebf9 f4f4 
[/MachCode]


---------------  P R O C E S S  ---------------

Threads class SMR info:
_java_thread_list=0x00000194b9d51f90, length=16, elements={
0x00000194b9016650, 0x00000194b90170a0, 0x00000194b9021820, 0x00000194b9024550,
0x00000194b90254b0, 0x00000194b90227d0, 0x00000194b9023bf0, 0x00000194b90441c0,
0x00000194b90ce820, 0x00000194b912aa70, 0x00000194b9ad9e00, 0x00000194b9ada5b0,
0x00000194b9ae4170, 0x00000194bed3c4f0, 0x0000019496bc4a10, 0x00000194beecd740
}

Java Threads: ( => current thread )
  0x00000194b9016650 JavaThread "Reference Handler"          daemon [_thread_blocked, id=32600, stack(0x00000067efc00000,0x00000067efd00000) (1024K)]
  0x00000194b90170a0 JavaThread "Finalizer"                  daemon [_thread_blocked, id=32196, stack(0x00000067efd00000,0x00000067efe00000) (1024K)]
  0x00000194b9021820 JavaThread "Signal Dispatcher"          daemon [_thread_blocked, id=10108, stack(0x00000067efe00000,0x00000067eff00000) (1024K)]
  0x00000194b9024550 JavaThread "Attach Listener"            daemon [_thread_blocked, id=23760, stack(0x00000067eff00000,0x00000067f0000000) (1024K)]
  0x00000194b90254b0 JavaThread "Service Thread"             daemon [_thread_blocked, id=21408, stack(0x00000067f0000000,0x00000067f0100000) (1024K)]
  0x00000194b90227d0 JavaThread "Monitor Deflation Thread"   daemon [_thread_blocked, id=5716, stack(0x00000067f0100000,0x00000067f0200000) (1024K)]
  0x00000194b9023bf0 JavaThread "C2 CompilerThread0"         daemon [_thread_blocked, id=33680, stack(0x00000067f0200000,0x00000067f0300000) (1024K)]
  0x00000194b90441c0 JavaThread "C1 CompilerThread0"         daemon [_thread_blocked, id=22956, stack(0x00000067f0300000,0x00000067f0400000) (1024K)]
  0x00000194b90ce820 JavaThread "Notification Thread"        daemon [_thread_blocked, id=7584, stack(0x00000067f0400000,0x00000067f0500000) (1024K)]
  0x00000194b912aa70 JavaThread "Common-Cleaner"             daemon [_thread_blocked, id=17252, stack(0x00000067f0500000,0x00000067f0600000) (1024K)]
  0x00000194b9ad9e00 JavaThread "Java2D Disposer"            daemon [_thread_blocked, id=18524, stack(0x00000067f0800000,0x00000067f0900000) (1024K)]
  0x00000194b9ada5b0 JavaThread "AWT-Shutdown"                      [_thread_blocked, id=13604, stack(0x00000067f0900000,0x00000067f0a00000) (1024K)]
  0x00000194b9ae4170 JavaThread "AWT-Windows"                daemon [_thread_in_native, id=7860, stack(0x00000067f0a00000,0x00000067f0b00000) (1024K)]
=>0x00000194bed3c4f0 JavaThread "AWT-EventQueue-0"                  [_thread_in_native, id=13432, stack(0x00000067f0e00000,0x00000067f0f00000) (1024K)]
  0x0000019496bc4a10 JavaThread "DestroyJavaVM"                     [_thread_blocked, id=2916, stack(0x00000067ef300000,0x00000067ef400000) (1024K)]
  0x00000194beecd740 JavaThread "TimerQueue"                 daemon [_thread_blocked, id=4984, stack(0x00000067f1500000,0x00000067f1600000) (1024K)]
Total: 16

Other Threads:
  0x00000194b9004930 VMThread "VM Thread"                           [id=25804, stack(0x00000067efb00000,0x00000067efc00000) (1024K)]
  0x00000194b8ff5360 WatcherThread "VM Periodic Task Thread"        [id=28144, stack(0x00000067efa00000,0x00000067efb00000) (1024K)]
  0x000001949901d0b0 WorkerThread "GC Thread#0"                     [id=28116, stack(0x00000067ef400000,0x00000067ef500000) (1024K)]
  0x00000194b9a2c2e0 WorkerThread "GC Thread#1"                     [id=29412, stack(0x00000067f0600000,0x00000067f0700000) (1024K)]
  0x00000194b9a92ed0 WorkerThread "GC Thread#2"                     [id=7964, stack(0x00000067f0700000,0x00000067f0800000) (1024K)]
  0x00000194b9b29af0 WorkerThread "GC Thread#3"                     [id=9008, stack(0x00000067f0b00000,0x00000067f0c00000) (1024K)]
  0x00000194b9b48f60 WorkerThread "GC Thread#4"                     [id=4692, stack(0x00000067f0c00000,0x00000067f0d00000) (1024K)]
  0x00000194bed14760 WorkerThread "GC Thread#5"                     [id=30480, stack(0x00000067f0f00000,0x00000067f1000000) (1024K)]
  0x00000194b9e14090 WorkerThread "GC Thread#6"                     [id=31924, stack(0x00000067f1000000,0x00000067f1100000) (1024K)]
  0x00000194bf18fad0 WorkerThread "GC Thread#7"                     [id=20024, stack(0x00000067f0d00000,0x00000067f0e00000) (1024K)]
  0x0000019499035b10 ConcurrentGCThread "G1 Main Marker"            [id=7588, stack(0x00000067ef500000,0x00000067ef600000) (1024K)]
  0x0000019499036690 WorkerThread "G1 Conc#0"                       [id=25364, stack(0x00000067ef600000,0x00000067ef700000) (1024K)]
  0x00000194bef60cc0 WorkerThread "G1 Conc#1"                       [id=17920, stack(0x00000067f1600000,0x00000067f1700000) (1024K)]
  0x0000019499074a50 WorkerThread "G1 Refinement Workers#0"         [id=29788, stack(0x00000067ef800000,0x00000067ef900000) (1024K)]
  0x0000019499071770 ConcurrentGCThread "G1 Refine Control"         [id=17988, stack(0x00000067ef700000,0x00000067ef800000) (1024K)]
  0x000001949907d3d0 ConcurrentGCThread "G1 Service"                [id=22856, stack(0x00000067ef900000,0x00000067efa00000) (1024K)]
Total: 16

Threads with active compile tasks:
Total: 0

VM state: not at safepoint (normal execution)

VM Mutex/Monitor currently owned by a thread: None

Heap address: 0x0000000704400000, size: 4028 MB, Compressed Oops mode: Zero based, Oop shift amount: 3

CDS archive(s) mapped at: [0x0000000019000000-0x0000000019de0000-0x0000000019de0000), size 14548992, SharedBaseAddress: 0x0000000019000000, ArchiveRelocationMode: 1.
Compressed class space mapped at: 0x000000001a000000-0x000000005a000000, reserved size: 1073741824
UseCompressedClassPointers 1, UseCompactObjectHeaders 0
Narrow klass pointer bits 32, Max shift 3
Narrow klass base: 0x0000000019000000, Narrow klass shift: 0
Encoding Range: [0x0000000019000000 - 0x0000000119000000), (4294967296 bytes)
Klass Range:    [0x0000000019000000 - 0x000000005a000000), (1090519040 bytes)
Klass ID Range:  [8 - 1090519033) (1090519025)
Protection zone: [0x0000000019000000 - 0x0000000019010000), (65536 bytes)

GC Precious Log:
 CardTable entry size: 512
 Card Set container configuration: InlinePtr #cards 4 size 8 Array Of Cards #cards 16 size 48 Howl #buckets 8 coarsen threshold 3686 Howl Bitmap #cards 512 size 80 coarsen threshold 460 Card regions per heap region 1 cards per card region 4096
 CPUs: 8 total, 8 available
 Memory: 16106M
 Large Page Support: Disabled
 NUMA Support: Disabled
 Compressed Oops: Enabled (Zero based)
 Heap Region Size: 2M
 Heap Min Capacity: 8M
 Heap Initial Capacity: 8M
 Heap Max Capacity: 4028M
 Pre-touch: Disabled
 Parallel Workers: 8
 Concurrent Workers: 2
 Concurrent Refinement Workers: 8
 Periodic GC: Disabled

Heap:
 garbage-first heap   total reserved 4124672K, committed 20480K, used 13248K [0x0000000704400000, 0x0000000800000000)
  region size 2M, 1 eden (2M), 1 survivor (2M), 4 old (8M), 3 humongous (6M), 1 free (2M)

Heap Regions: E=young(eden), S=young(survivor), O=old, HS=humongous(starts), HC=humongous(continues), CS=collection set, F=free, TAMS=top-at-mark-start, PB=parsable bottom
|    0|0x0000000704400000, 0x0000000704600000, 0x0000000704600000|100%| O|  |TAMS 0x0000000704400000| PB 0x0000000704400000| Untracked |  0
|    1|0x0000000704600000, 0x00000007047768b0, 0x0000000704800000| 73%| O|  |TAMS 0x0000000704600000| PB 0x0000000704600000| Untracked |  0
|    2|0x0000000704800000, 0x0000000704a00000, 0x0000000704a00000|100%| O|  |TAMS 0x0000000704800000| PB 0x0000000704800000| Untracked |  0
|    3|0x0000000704a00000, 0x0000000704c00000, 0x0000000704c00000|100%|HS|  |TAMS 0x0000000704a00000| PB 0x0000000704a00000| Complete  |  0
|    4|0x0000000704c00000, 0x0000000704e00000, 0x0000000704e00000|100%|HC|  |TAMS 0x0000000704c00000| PB 0x0000000704c00000| Complete  |  0
|    5|0x0000000704e00000, 0x0000000705000000, 0x0000000705000000|100%|HC|  |TAMS 0x0000000704e00000| PB 0x0000000704e00000| Complete  |  0
|    6|0x0000000705000000, 0x0000000705000000, 0x0000000705200000|  0%| F|  |TAMS 0x0000000705000000| PB 0x0000000705000000| Untracked |  0
|    7|0x0000000705200000, 0x0000000705250c58, 0x0000000705400000| 15%| S|CS|TAMS 0x0000000705200000| PB 0x0000000705200000| Complete  |  0
|    8|0x0000000705400000, 0x0000000705529be0, 0x0000000705600000| 58%| E|CS|TAMS 0x0000000705400000| PB 0x0000000705400000| Complete  |  0
| 2013|0x00000007ffe00000, 0x00000007fff28d80, 0x0000000800000000| 57%| O|Cm|TAMS 0x00000007ffe00000| PB 0x00000007ffe00000| Complete  |  0

Card table byte_map: [0x00000194b1f80000,0x00000194b2760000] _byte_map_base: 0x00000194ae75e000
Refinement table byte_map: [0x00000194b17a0000,0x00000194b1f80000] _byte_map_base: 0x00000194adf7e000

Marking Bits: (CMBitMap*) 0x000001949901d830
 Bits: [0x00000194b2760000, 0x00000194b6650000)

Polling page: 0x0000019496e70000

Metaspace:
Metaspace        used 15615K, committed 15872K, reserved 1114112K
 class space     used 1761K, committed 1856K, reserved 1048576K

Usage:
  Non-class:     13.53 MB used.
      Class:      1.72 MB used.
       Both:     15.25 MB used.

Virtual space:
  Non-class space:       64.00 MB reserved,      13.69 MB ( 21%) committed,  1 nodes.
      Class space:        1.00 GB reserved,       1.81 MB ( <1%) committed,  1 nodes.
             Both:        1.06 GB reserved,      15.50 MB (  1%) committed. 

Chunk freelists:
   Non-Class:  2.12 MB
       Class:  14.15 MB
        Both:  16.28 MB

MaxMetaspaceSize: unlimited
CompressedClassSpaceSize: 1.00 GB
Initial GC threshold: 21.00 MB
Current GC threshold: 25.44 MB
CDS: on
 - commit_granule_bytes: 65536.
 - commit_granule_words: 8192.
 - virtual_space_node_default_size: 8388608.
 - enlarge_chunks_in_place: 1.
UseCompressedClassPointers 1, UseCompactObjectHeaders 0
Narrow klass pointer bits 32, Max shift 3
Narrow klass base: 0x0000000019000000, Narrow klass shift: 0
Encoding Range: [0x0000000019000000 - 0x0000000119000000), (4294967296 bytes)
Klass Range:    [0x0000000019000000 - 0x000000005a000000), (1090519040 bytes)
Klass ID Range:  [8 - 1090519033) (1090519025)
Protection zone: [0x0000000019000000 - 0x0000000019010000), (65536 bytes)


Internal statistics:

num_allocs_failed_limit: 0.
num_arena_births: 196.
num_arena_deaths: 0.
num_vsnodes_births: 2.
num_vsnodes_deaths: 0.
num_space_committed: 248.
num_space_uncommitted: 0.
num_chunks_returned_to_freelist: 0.
num_chunks_taken_from_freelist: 390.
num_chunk_merges: 0.
num_chunk_splits: 226.
num_chunks_enlarged: 133.
num_inconsistent_stats: 0.

CodeHeap 'non-profiled nmethods': size=120064Kb used=824Kb max_used=824Kb free=119240Kb
 bounds [0x00000194a9750000, 0x00000194a99c0000, 0x00000194b0c90000]
CodeHeap 'profiled nmethods': size=120064Kb used=4243Kb max_used=4243Kb free=115820Kb
 bounds [0x00000194a1c70000, 0x00000194a20a0000, 0x00000194a91b0000]
CodeHeap 'non-nmethods': size=5760Kb used=1838Kb max_used=1871Kb free=3922Kb
 bounds [0x00000194a91b0000, 0x00000194a9420000, 0x00000194a9750000]
CodeCache: size=245888Kb, used=6905Kb, max_used=6938Kb, free=238982Kb
 total_blobs=3439, nmethods=2661, adapters=682, full_count=0
Compilation: enabled, stopped_count=0, restarted_count=0

Compilation events (20 events):
Event: 11.416 Thread 0x00000194b90441c0 2652   !   3       java.util.concurrent.locks.AbstractQueuedSynchronizer::acquire (448 bytes)
Event: 11.418 Thread 0x00000194b90441c0 nmethod 2652 0x00000194a208e788 code [0x00000194a208e880, 0x00000194a2090658]
Event: 11.465 Thread 0x00000194b90441c0 2653       3       jdk.internal.misc.Unsafe::putIntOpaque (9 bytes)
Event: 11.465 Thread 0x00000194b90441c0 nmethod 2653 0x00000194a2090688 code [0x00000194a2090780, 0x00000194a2090880]
Event: 11.467 Thread 0x00000194b90441c0 2654   !   3       java.util.concurrent.locks.AbstractQueuedSynchronizer$ConditionObject::newConditionNode (78 bytes)
Event: 11.467 Thread 0x00000194b90441c0 nmethod 2654 0x00000194a2090988 code [0x00000194a2090a80, 0x00000194a20914c8]
Event: 11.467 Thread 0x00000194b90441c0 2655       3       java.util.concurrent.locks.AbstractQueuedSynchronizer$ConditionNode::<init> (5 bytes)
Event: 11.467 Thread 0x00000194b90441c0 nmethod 2655 0x00000194a2091508 code [0x00000194a2091600, 0x00000194a20917b0]
Event: 11.467 Thread 0x00000194b90441c0 2656       3       java.util.concurrent.locks.AbstractQueuedSynchronizer$ConditionObject::enableWait (84 bytes)
Event: 11.468 Thread 0x00000194b90441c0 nmethod 2656 0x00000194a2091808 code [0x00000194a2091900, 0x00000194a20922a0]
Event: 11.479 Thread 0x00000194b90441c0 2657   !   3       java.util.concurrent.locks.AbstractQueuedSynchronizer::reacquire (64 bytes)
Event: 11.480 Thread 0x00000194b90441c0 nmethod 2657 0x00000194a2092308 code [0x00000194a2092400, 0x00000194a20928c8]
Event: 11.510 Thread 0x00000194b90441c0 2658       3       sun.awt.windows.WComponentPeer::updateCursorImmediately (7 bytes)
Event: 11.510 Thread 0x00000194b90441c0 nmethod 2658 0x00000194a2092908 code [0x00000194a2092a00, 0x00000194a2092fc0]
Event: 11.510 Thread 0x00000194b90441c0 2659   !   3       sun.awt.GlobalCursorManager::updateCursorImmediately (31 bytes)
Event: 11.510 Thread 0x00000194b90441c0 nmethod 2659 0x00000194a2093008 code [0x00000194a2093100, 0x00000194a20933d0]
Event: 11.542 Thread 0x00000194b90441c0 2660       3       java.util.concurrent.locks.AbstractQueuedSynchronizer::enqueue (72 bytes)
Event: 11.543 Thread 0x00000194b90441c0 nmethod 2660 0x00000194a2093408 code [0x00000194a2093500, 0x00000194a20940c8]
Event: 12.389 Thread 0x00000194b90441c0 2661       3       java.lang.invoke.DirectMethodHandle::shouldBeInitialized (135 bytes)
Event: 12.390 Thread 0x00000194b90441c0 nmethod 2661 0x00000194a2094108 code [0x00000194a2094200, 0x00000194a2094e50]

GC Heap Usage History (18 events):
Event: 0.396 {heap Before GC invocations=0 (full 0):
 garbage-first heap   total reserved 4124672K, committed 10240K, used 3235K [0x0000000704400000, 0x0000000800000000)
  region size 2M, 2 eden (4M), 0 survivor (0M), 1 old (2M), 0 humongous (0M), 2 free (4M)
}
Event: 0.401 {heap After GC invocations=1 (full 0):
 garbage-first heap   total reserved 4124672K, committed 10240K, used 2467K [0x0000000704400000, 0x0000000800000000)
  region size 2M, 0 eden (0M), 1 survivor (2M), 1 old (2M), 0 humongous (0M), 3 free (6M)
}
Event: 0.472 {heap Before GC invocations=1 (full 0):
 garbage-first heap   total reserved 4124672K, committed 10240K, used 4515K [0x0000000704400000, 0x0000000800000000)
  region size 2M, 1 eden (2M), 1 survivor (2M), 1 old (2M), 0 humongous (0M), 2 free (4M)
}
Event: 0.476 {heap After GC invocations=2 (full 0):
 garbage-first heap   total reserved 4124672K, committed 10240K, used 2807K [0x0000000704400000, 0x0000000800000000)
  region size 2M, 0 eden (0M), 1 survivor (2M), 2 old (4M), 0 humongous (0M), 2 free (4M)
}
Event: 0.761 {heap Before GC invocations=2 (full 0):
 garbage-first heap   total reserved 4124672K, committed 10240K, used 4855K [0x0000000704400000, 0x0000000800000000)
  region size 2M, 1 eden (2M), 1 survivor (2M), 2 old (4M), 0 humongous (0M), 1 free (2M)
}
Event: 0.762 {heap After GC invocations=3 (full 0):
 garbage-first heap   total reserved 4124672K, committed 10240K, used 2886K [0x0000000704400000, 0x0000000800000000)
  region size 2M, 0 eden (0M), 1 survivor (2M), 2 old (4M), 0 humongous (0M), 2 free (4M)
}
Event: 0.931 {heap Before GC invocations=3 (full 0):
 garbage-first heap   total reserved 4124672K, committed 10240K, used 2886K [0x0000000704400000, 0x0000000800000000)
  region size 2M, 1 eden (2M), 1 survivor (2M), 2 old (4M), 0 humongous (0M), 1 free (2M)
}
Event: 0.932 {heap After GC invocations=4 (full 0):
 garbage-first heap   total reserved 4124672K, committed 10240K, used 3075K [0x0000000704400000, 0x0000000800000000)
  region size 2M, 0 eden (0M), 1 survivor (2M), 2 old (4M), 0 humongous (0M), 2 free (4M)
}
Event: 1.052 {heap Before GC invocations=4 (full 0):
 garbage-first heap   total reserved 4124672K, committed 10240K, used 5123K [0x0000000704400000, 0x0000000800000000)
  region size 2M, 1 eden (2M), 1 survivor (2M), 2 old (4M), 0 humongous (0M), 1 free (2M)
}
Event: 1.054 {heap After GC invocations=5 (full 0):
 garbage-first heap   total reserved 4124672K, committed 10240K, used 3404K [0x0000000704400000, 0x0000000800000000)
  region size 2M, 0 eden (0M), 1 survivor (2M), 2 old (4M), 0 humongous (0M), 2 free (4M)
}
Event: 1.209 {heap Before GC invocations=5 (full 0):
 garbage-first heap   total reserved 4124672K, committed 10240K, used 5452K [0x0000000704400000, 0x0000000800000000)
  region size 2M, 1 eden (2M), 1 survivor (2M), 2 old (4M), 0 humongous (0M), 1 free (2M)
}
Event: 1.212 {heap After GC invocations=6 (full 0):
 garbage-first heap   total reserved 4124672K, committed 10240K, used 3833K [0x0000000704400000, 0x0000000800000000)
  region size 2M, 0 eden (0M), 1 survivor (2M), 2 old (4M), 0 humongous (0M), 2 free (4M)
}
Event: 1.405 {heap Before GC invocations=6 (full 0):
 garbage-first heap   total reserved 4124672K, committed 10240K, used 5881K [0x0000000704400000, 0x0000000800000000)
  region size 2M, 1 eden (2M), 1 survivor (2M), 2 old (4M), 0 humongous (0M), 1 free (2M)
}
Event: 1.408 {heap After GC invocations=7 (full 0):
 garbage-first heap   total reserved 4124672K, committed 20480K, used 4226K [0x0000000704400000, 0x0000000800000000)
  region size 2M, 0 eden (0M), 1 survivor (2M), 2 old (4M), 0 humongous (0M), 7 free (14M)
}
Event: 6.473 {heap Before GC invocations=7 (full 0):
 garbage-first heap   total reserved 4124672K, committed 20480K, used 10370K [0x0000000704400000, 0x0000000800000000)
  region size 2M, 4 eden (8M), 1 survivor (2M), 2 old (4M), 0 humongous (0M), 3 free (6M)
}
Event: 6.477 {heap After GC invocations=8 (full 0):
 garbage-first heap   total reserved 4124672K, committed 20480K, used 6278K [0x0000000704400000, 0x0000000800000000)
  region size 2M, 0 eden (0M), 1 survivor (2M), 3 old (6M), 0 humongous (0M), 6 free (12M)
}
Event: 6.642 {heap Before GC invocations=8 (full 0):
 garbage-first heap   total reserved 4124672K, committed 20480K, used 6278K [0x0000000704400000, 0x0000000800000000)
  region size 2M, 1 eden (2M), 1 survivor (2M), 3 old (6M), 0 humongous (0M), 5 free (10M)
}
Event: 6.645 {heap After GC invocations=9 (full 0):
 garbage-first heap   total reserved 4124672K, committed 20480K, used 7104K [0x0000000704400000, 0x0000000800000000)
  region size 2M, 0 eden (0M), 1 survivor (2M), 4 old (8M), 0 humongous (0M), 5 free (10M)
}

Metaspace Usage History (18 events):
Event: 0.396 {metaspace Before GC invocations=0 (full 0):
 Metaspace       used 3108K, committed 3200K, reserved 1114112K
  class space    used 283K, committed 320K, reserved 1048576K
}
Event: 0.401 {metaspace After GC invocations=1 (full 0):
 Metaspace       used 3108K, committed 3200K, reserved 1114112K
  class space    used 283K, committed 320K, reserved 1048576K
}
Event: 0.472 {metaspace Before GC invocations=1 (full 0):
 Metaspace       used 3578K, committed 3712K, reserved 1114112K
  class space    used 333K, committed 384K, reserved 1048576K
}
Event: 0.476 {metaspace After GC invocations=2 (full 0):
 Metaspace       used 3578K, committed 3712K, reserved 1114112K
  class space    used 333K, committed 384K, reserved 1048576K
}
Event: 0.761 {metaspace Before GC invocations=2 (full 0):
 Metaspace       used 4168K, committed 4416K, reserved 1114112K
  class space    used 401K, committed 512K, reserved 1048576K
}
Event: 0.763 {metaspace After GC invocations=3 (full 0):
 Metaspace       used 4168K, committed 4416K, reserved 1114112K
  class space    used 401K, committed 512K, reserved 1048576K
}
Event: 0.931 {metaspace Before GC invocations=3 (full 0):
 Metaspace       used 6047K, committed 6208K, reserved 1114112K
  class space    used 607K, committed 704K, reserved 1048576K
}
Event: 0.932 {metaspace After GC invocations=4 (full 0):
 Metaspace       used 6047K, committed 6208K, reserved 1114112K
  class space    used 607K, committed 704K, reserved 1048576K
}
Event: 1.052 {metaspace Before GC invocations=4 (full 0):
 Metaspace       used 6917K, committed 7168K, reserved 1114112K
  class space    used 687K, committed 832K, reserved 1048576K
}
Event: 1.054 {metaspace After GC invocations=5 (full 0):
 Metaspace       used 6917K, committed 7168K, reserved 1114112K
  class space    used 687K, committed 832K, reserved 1048576K
}
Event: 1.209 {metaspace Before GC invocations=5 (full 0):
 Metaspace       used 8571K, committed 8768K, reserved 1114112K
  class space    used 884K, committed 960K, reserved 1048576K
}
Event: 1.212 {metaspace After GC invocations=6 (full 0):
 Metaspace       used 8571K, committed 8768K, reserved 1114112K
  class space    used 884K, committed 960K, reserved 1048576K
}
Event: 1.405 {metaspace Before GC invocations=6 (full 0):
 Metaspace       used 10875K, committed 11136K, reserved 1114112K
  class space    used 1151K, committed 1280K, reserved 1048576K
}
Event: 1.408 {metaspace After GC invocations=7 (full 0):
 Metaspace       used 10875K, committed 11136K, reserved 1114112K
  class space    used 1151K, committed 1280K, reserved 1048576K
}
Event: 6.473 {metaspace Before GC invocations=7 (full 0):
 Metaspace       used 15189K, committed 15424K, reserved 1114112K
  class space    used 1735K, committed 1856K, reserved 1048576K
}
Event: 6.477 {metaspace After GC invocations=8 (full 0):
 Metaspace       used 15189K, committed 15424K, reserved 1114112K
  class space    used 1735K, committed 1856K, reserved 1048576K
}
Event: 6.642 {metaspace Before GC invocations=8 (full 0):
 Metaspace       used 15390K, committed 15616K, reserved 1114112K
  class space    used 1755K, committed 1856K, reserved 1048576K
}
Event: 6.645 {metaspace After GC invocations=9 (full 0):
 Metaspace       used 15390K, committed 15616K, reserved 1114112K
  class space    used 1755K, committed 1856K, reserved 1048576K
}

Dll operation events (20 events):
Event: 0.119 Attempting to load shared library C:\Program Files\Java\jdk-26.0.1\bin\net.dll
Event: 0.119 Loaded shared library C:\Program Files\Java\jdk-26.0.1\bin\net.dll
Event: 0.122 Attempting to load shared library C:\Program Files\Java\jdk-26.0.1\bin\nio.dll
Event: 0.123 Loaded shared library C:\Program Files\Java\jdk-26.0.1\bin\nio.dll
Event: 0.145 Attempting to load shared library C:\Program Files\Java\jdk-26.0.1\bin\zip.dll
Event: 0.146 Loaded shared library C:\Program Files\Java\jdk-26.0.1\bin\zip.dll
Event: 0.181 Attempting to load shared library C:\Program Files\Java\jdk-26.0.1\bin\jimage.dll
Event: 0.181 Loaded shared library C:\Program Files\Java\jdk-26.0.1\bin\jimage.dll
Event: 0.204 Attempting to load shared library C:\Program Files\Java\jdk-26.0.1\bin\awt.dll
Event: 0.206 Loaded shared library C:\Program Files\Java\jdk-26.0.1\bin\awt.dll
Event: 0.685 Attempting to load shared library C:\Users\nancy\AppData\Local\Temp\sqlite-3.46.0.0-c2e9693b-fe89-4862-99f6-b433aadc57a3-sqlitejdbc.dll
Event: 0.690 Loaded shared library C:\Users\nancy\AppData\Local\Temp\sqlite-3.46.0.0-c2e9693b-fe89-4862-99f6-b433aadc57a3-sqlitejdbc.dll
Event: 1.032 Attempting to load shared library C:\Program Files\Java\jdk-26.0.1\bin\freetype.dll
Event: 1.033 Loaded shared library C:\Program Files\Java\jdk-26.0.1\bin\freetype.dll
Event: 1.034 Attempting to load shared library C:\Program Files\Java\jdk-26.0.1\bin\fontmanager.dll
Event: 1.035 Loaded shared library C:\Program Files\Java\jdk-26.0.1\bin\fontmanager.dll
Event: 1.284 Attempting to load shared library C:\Users\nancy\AppData\Local\Temp\flatlaf.temp\flatlaf-windows-x86_64-872488781155000.dll
Event: 1.285 Loaded shared library C:\Users\nancy\AppData\Local\Temp\flatlaf.temp\flatlaf-windows-x86_64-872488781155000.dll
Event: 5.809 Attempting to load shared library C:\Program Files\Java\jdk-26.0.1\bin\verify.dll
Event: 5.810 Loaded shared library C:\Program Files\Java\jdk-26.0.1\bin\verify.dll

Deoptimization events (20 events):
Event: 6.648 Thread 0x00000194bed3c4f0 DEOPT PACKING pc=0x00000194a97f0818 sp=0x00000067f0efd5e0
Event: 6.648 Thread 0x00000194bed3c4f0 DEOPT UNPACKING pc=0x00000194a92e2c02 sp=0x00000067f0efd400 mode 2
Event: 8.068 Thread 0x00000194bed3c4f0 Uncommon trap: trap_request=0xffffff45 fr.pc=0x00000194a97dc3f0 relative=0x0000000000002a70
Event: 8.068 Thread 0x00000194bed3c4f0 Uncommon trap: reason=unstable_if action=reinterpret pc=0x00000194a97dc3f0 method=sun.java2d.marlin.MarlinTileGenerator.getAlphaRLE([BII)V @ 922 c2
Event: 8.068 Thread 0x00000194bed3c4f0 DEOPT PACKING pc=0x00000194a97dc3f0 sp=0x00000067f0efd930
Event: 8.068 Thread 0x00000194bed3c4f0 DEOPT UNPACKING pc=0x00000194a92e2c02 sp=0x00000067f0efd7f0 mode 2
Event: 8.078 Thread 0x00000194bed3c4f0 Uncommon trap: trap_request=0xffffffde fr.pc=0x00000194a97aa134 relative=0x0000000000000bb4
Event: 8.078 Thread 0x00000194bed3c4f0 Uncommon trap: reason=class_check action=maybe_recompile pc=0x00000194a97aa134 method=java.util.concurrent.ConcurrentHashMap.putVal(Ljava/lang/Object;Ljava/lang/Object;Z)Ljava/lang/Object; @ 242 c2
Event: 8.079 Thread 0x00000194bed3c4f0 DEOPT PACKING pc=0x00000194a97aa134 sp=0x00000067f0efd740
Event: 8.079 Thread 0x00000194bed3c4f0 DEOPT UNPACKING pc=0x00000194a92e2c02 sp=0x00000067f0efd6a0 mode 2
Event: 8.757 Thread 0x00000194bed3c4f0 Uncommon trap: trap_request=0xffffff45 fr.pc=0x00000194a980d4c4 relative=0x0000000000000524
Event: 8.757 Thread 0x00000194bed3c4f0 Uncommon trap: reason=unstable_if action=reinterpret pc=0x00000194a980d4c4 method=sun.java2d.marlin.Renderer.addLine(DDDD)V @ 196 c2
Event: 8.757 Thread 0x00000194bed3c4f0 DEOPT PACKING pc=0x00000194a980d4c4 sp=0x00000067f0efd480
Event: 8.757 Thread 0x00000194bed3c4f0 DEOPT UNPACKING pc=0x00000194a92e2c02 sp=0x00000067f0efd350 mode 2
Event: 9.376 Thread 0x00000194bed3c4f0 DEOPT PACKING pc=0x00000194a201feca sp=0x00000067f0efd550
Event: 9.376 Thread 0x00000194bed3c4f0 DEOPT UNPACKING pc=0x00000194a92015a2 sp=0x00000067f0efc948 mode 0
Event: 9.377 Thread 0x00000194bed3c4f0 DEOPT PACKING pc=0x00000194a201feca sp=0x00000067f0efd450
Event: 9.377 Thread 0x00000194bed3c4f0 DEOPT UNPACKING pc=0x00000194a92015a2 sp=0x00000067f0efc848 mode 0
Event: 9.380 Thread 0x00000194bed3c4f0 DEOPT PACKING pc=0x00000194a201f838 sp=0x00000067f0efd450
Event: 9.380 Thread 0x00000194bed3c4f0 DEOPT UNPACKING pc=0x00000194a92015a2 sp=0x00000067f0efc848 mode 0

Classes loaded (20 events):
Event: 6.503 Loading class jdk/internal/math/FormattedFPDecimal
Event: 6.504 Loading class jdk/internal/math/FormattedFPDecimal done
Event: 6.599 Loading class javax/swing/JTable$2
Event: 6.600 Loading class javax/swing/JTable$Resizable3
Event: 6.600 Loading class javax/swing/JTable$Resizable2
Event: 6.600 Loading class javax/swing/JTable$Resizable2 done
Event: 6.600 Loading class javax/swing/JTable$Resizable3 done
Event: 6.600 Loading class javax/swing/JTable$2 done
Event: 6.600 Loading class javax/swing/JTable$5
Event: 6.600 Loading class javax/swing/JTable$5 done
Event: 6.651 Loading class com/sun/java/swing/SwingUtilities3$UnscaledBorderPainter
Event: 6.651 Loading class com/sun/java/swing/SwingUtilities3$UnscaledBorderPainter done
Event: 6.669 Loading class javax/swing/event/AncestorEvent
Event: 6.669 Loading class javax/swing/event/AncestorEvent done
Event: 8.077 Loading class java/awt/geom/RectIterator
Event: 8.078 Loading class java/awt/geom/RectIterator done
Event: 8.090 Loading class javax/swing/plaf/TreeUI
Event: 8.090 Loading class javax/swing/plaf/TreeUI done
Event: 8.091 Loading class javax/swing/JTable$PrintMode
Event: 8.091 Loading class javax/swing/JTable$PrintMode done

Classes unloaded (0 events):
No events

Classes redefined (0 events):
No events

Internal exceptions (20 events):
Event: 1.047 Thread 0x0000019496bc4a10 Exception <a 'java/lang/NoSuchMethodError'{0x0000000704be3390}: 'java.lang.Object java.lang.invoke.DirectMethodHandle$Holder.invokeStatic(java.lang.Object, long)'> (0x0000000704be3390) 
thrown [s\open\src\hotspot\share\interpreter\linkResolver.cpp, line 804]
Event: 1.047 Thread 0x0000019496bc4a10 Exception <a 'java/lang/NoSuchMethodError'{0x0000000704beb638}: 'java.lang.Object java.lang.invoke.DirectMethodHandle$Holder.invokeStaticInit(java.lang.Object, long)'> (0x0000000704beb638) 
thrown [s\open\src\hotspot\share\interpreter\linkResolver.cpp, line 804]
Event: 1.058 Thread 0x0000019496bc4a10 Exception <a 'java/lang/NoSuchMethodError'{0x0000000704a16368}: 'long java.lang.invoke.DirectMethodHandle$Holder.invokeStaticInit(java.lang.Object, long, long, long, long)'> (0x0000000704a16368) 
thrown [s\open\src\hotspot\share\interpreter\linkResolver.cpp, line 804]
Event: 1.061 Thread 0x0000019496bc4a10 Exception <a 'java/lang/NoSuchMethodError'{0x0000000704a1f368}: 'java.lang.Object java.lang.invoke.DirectMethodHandle$Holder.invokeInterface(java.lang.Object, java.lang.Object, long, long)'> (0x0000000704a1f368) 
thrown [s\open\src\hotspot\share\interpreter\linkResolver.cpp, line 804]
Event: 1.066 Thread 0x0000019496bc4a10 Exception <a 'java/lang/NoSuchMethodError'{0x0000000704a37f98}: 'void java.lang.invoke.DirectMethodHandle$Holder.invokeStaticInit(java.lang.Object, java.lang.Object, long, java.lang.Object)'> (0x0000000704a37f98) 
thrown [s\open\src\hotspot\share\interpreter\linkResolver.cpp, line 804]
Event: 1.067 Thread 0x0000019496bc4a10 Exception <a 'java/lang/NoSuchMethodError'{0x0000000704a40e40}: 'long java.lang.invoke.DirectMethodHandle$Holder.invokeStatic(java.lang.Object, long, long)'> (0x0000000704a40e40) 
thrown [s\open\src\hotspot\share\interpreter\linkResolver.cpp, line 804]
Event: 1.071 Thread 0x0000019496bc4a10 Exception <a 'java/lang/NoSuchMethodError'{0x0000000704a638b0}: 'java.lang.Object java.lang.invoke.DirectMethodHandle$Holder.newInvokeSpecial(java.lang.Object, int, java.lang.Object)'> (0x0000000704a638b0) 
thrown [s\open\src\hotspot\share\interpreter\linkResolver.cpp, line 804]
Event: 1.196 Thread 0x00000194bed3c4f0 Exception <a 'java/lang/NoSuchMethodError'{0x0000000704b8e128}: 'java.lang.Object java.lang.invoke.Invokers$Holder.invokeExact_MT(java.lang.Object, java.lang.Object, java.lang.Object, java.lang.Object, java.lang.Object, java.lang.Object)'> (0x0000000704b8e128) 
thrown [s\open\src\hotspot\share\interpreter\linkResolver.cpp, line 804]
Event: 1.209 Thread 0x00000194bed3c4f0 Implicit null exception at 0x00000194a979e739 to 0x00000194a979ee94
Event: 1.228 Thread 0x00000194bed3c4f0 Exception <a 'java/lang/NoSuchMethodError'{0x0000000704a36f10}: 'int java.lang.invoke.Invokers$Holder.invokeExact_MT(java.lang.Object, java.lang.Object)'> (0x0000000704a36f10) 
thrown [s\open\src\hotspot\share\interpreter\linkResolver.cpp, line 804]
Event: 1.237 Thread 0x00000194bed3c4f0 Exception <a 'sun/nio/fs/WindowsException'{0x0000000704a5dea8}> (0x0000000704a5dea8) 
thrown [s\open\src\hotspot\share\prims\jni.cpp, line 514]
Event: 1.324 Thread 0x00000194bed3c4f0 Exception <a 'java/lang/NoSuchMethodError'{0x0000000704adfeb0}: 'java.lang.Object java.lang.invoke.DirectMethodHandle$Holder.invokeVirtual(java.lang.Object, java.lang.Object, java.lang.Object, java.lang.Object)'> (0x0000000704adfeb0) 
thrown [s\open\src\hotspot\share\interpreter\linkResolver.cpp, line 804]
Event: 1.399 Thread 0x00000194bed3c4f0 Exception <a 'java/lang/NoSuchMethodError'{0x0000000704bc8fe0}: 'void java.lang.invoke.DelegatingMethodHandle$Holder.reinvoke_L(java.lang.Object, java.lang.Object, java.lang.Object, long, float)'> (0x0000000704bc8fe0) 
thrown [s\open\src\hotspot\share\interpreter\linkResolver.cpp, line 804]
Event: 1.403 Thread 0x00000194bed3c4f0 Exception <a 'java/lang/NoSuchMethodError'{0x0000000704be1a78}: 'java.lang.Object java.lang.invoke.DirectMethodHandle$Holder.invokeStatic(java.lang.Object, java.lang.Object, java.lang.Object, java.lang.Object, long)'> (0x0000000704be1a78) 
thrown [s\open\src\hotspot\share\interpreter\linkResolver.cpp, line 804]
Event: 1.409 Thread 0x00000194bed3c4f0 Exception <a 'java/lang/NoSuchMethodError'{0x0000000705406a00}: 'float java.lang.invoke.DelegatingMethodHandle$Holder.reinvoke_L(java.lang.Object, java.lang.Object, java.lang.Object, long)'> (0x0000000705406a00) 
thrown [s\open\src\hotspot\share\interpreter\linkResolver.cpp, line 804]
Event: 1.521 Thread 0x00000194b9ae4170 Exception <a 'java/lang/NoSuchMethodError'{0x0000000705514ac0}: 'void java.lang.invoke.DirectMethodHandle$Holder.invokeVirtual(java.lang.Object, java.lang.Object)'> (0x0000000705514ac0) 
thrown [s\open\src\hotspot\share\interpreter\linkResolver.cpp, line 804]
Event: 1.541 Thread 0x00000194bed3c4f0 Exception <a 'java/lang/NoSuchMethodError'{0x0000000705549020}: 'void java.lang.invoke.DirectMethodHandle$Holder.invokeStaticInit(java.lang.Object)'> (0x0000000705549020) 
thrown [s\open\src\hotspot\share\interpreter\linkResolver.cpp, line 804]
Event: 5.806 Thread 0x00000194bed3c4f0 Exception <a 'java/lang/NoSuchMethodError'{0x000000070509ac78}: 'java.lang.Object java.lang.invoke.DirectMethodHandle$Holder.invokeSpecial(java.lang.Object, java.lang.Object, int, java.lang.Object, long)'> (0x000000070509ac78) 
thrown [s\open\src\hotspot\share\interpreter\linkResolver.cpp, line 804]
Event: 8.093 Thread 0x00000194bed3c4f0 Exception <a 'java/lang/NoSuchMethodError'{0x000000070547a590}: 'java.lang.Object java.lang.invoke.DirectMethodHandle$Holder.invokeStatic(java.lang.Object, java.lang.Object, java.lang.Object, java.lang.Object, int)'> (0x000000070547a590) 
thrown [s\open\src\hotspot\share\interpreter\linkResolver.cpp, line 804]
Event: 8.094 Thread 0x00000194bed3c4f0 Exception <a 'java/lang/NoSuchMethodError'{0x0000000705483108}: 'java.lang.Object java.lang.invoke.DirectMethodHandle$Holder.invokeSpecial(java.lang.Object, java.lang.Object, java.lang.Object, java.lang.Object, java.lang.Object, int)'> (0x0000000705483108) 
thrown [s\open\src\hotspot\share\interpreter\linkResolver.cpp, line 804]

VM Operations (20 events):
Event: 1.405 Executing safepoint VM operation: G1CollectForAllocation (G1 Evacuation Pause)
Event: 1.408 Executing safepoint VM operation: G1CollectForAllocation (G1 Evacuation Pause) done
Event: 1.527 Executing non-safepoint VM operation: HandshakeAllThreads (Deoptimize)
Event: 1.527 Executing non-safepoint VM operation: HandshakeAllThreads (Deoptimize) done
Event: 1.790 Executing non-safepoint VM operation: HandshakeAllThreads (Deoptimize)
Event: 1.790 Executing non-safepoint VM operation: HandshakeAllThreads (Deoptimize) done
Event: 6.267 Executing non-safepoint VM operation: HandshakeAllThreads (Deoptimize)
Event: 6.267 Executing non-safepoint VM operation: HandshakeAllThreads (Deoptimize) done
Event: 6.365 Executing non-safepoint VM operation: HandshakeAllThreads (Deoptimize)
Event: 6.365 Executing non-safepoint VM operation: HandshakeAllThreads (Deoptimize) done
Event: 6.473 Executing safepoint VM operation: G1CollectForAllocation (G1 Evacuation Pause)
Event: 6.477 Executing safepoint VM operation: G1CollectForAllocation (G1 Evacuation Pause) done
Event: 6.506 Executing non-safepoint VM operation: HandshakeAllThreads (Deoptimize)
Event: 6.506 Executing non-safepoint VM operation: HandshakeAllThreads (Deoptimize) done
Event: 6.642 Executing safepoint VM operation: G1TryInitiateConcMark (G1 Humongous Allocation)
Event: 6.645 Executing safepoint VM operation: G1TryInitiateConcMark (G1 Humongous Allocation) done
Event: 6.678 Executing safepoint VM operation: G1PauseRemark
Event: 6.682 Executing safepoint VM operation: G1PauseRemark done
Event: 6.686 Executing safepoint VM operation: G1PauseCleanup
Event: 6.687 Executing safepoint VM operation: G1PauseCleanup done

Memory protections (0 events):
No events

Nmethod flushes (0 events):
No events

Events (20 events):
Event: 0.088 Thread 0x0000019496bc4a10 Thread added: 0x00000194b90170a0
Event: 0.088 Thread 0x0000019496bc4a10 Thread added: 0x00000194b9021820
Event: 0.089 Thread 0x0000019496bc4a10 Thread added: 0x00000194b9024550
Event: 0.089 Thread 0x0000019496bc4a10 Thread added: 0x00000194b90254b0
Event: 0.089 Thread 0x0000019496bc4a10 Thread added: 0x00000194b90227d0
Event: 0.089 Thread 0x0000019496bc4a10 Thread added: 0x00000194b9023bf0
Event: 0.089 Thread 0x0000019496bc4a10 Thread added: 0x00000194b90441c0
Event: 0.101 Thread 0x0000019496bc4a10 Thread added: 0x00000194b90ce820
Event: 0.105 Thread 0x0000019496bc4a10 Thread added: 0x00000194b912aa70
Event: 0.801 Thread 0x0000019496bc4a10 Thread added: 0x00000194b9ad9e00
Event: 0.806 Thread 0x0000019496bc4a10 Thread added: 0x00000194b9ada5b0
Event: 0.822 Thread 0x0000019496bc4a10 Thread added: 0x00000194b9ae4170
Event: 0.967 Thread 0x00000194b90441c0 Thread added: 0x00000194b9b4a3e0
Event: 1.166 Thread 0x0000019496bc4a10 Thread added: 0x00000194bed3c4f0
Event: 1.167 Thread 0x0000019496bc4a10 Thread exited: 0x0000019496bc4a10
Event: 1.167 Thread 0x0000019496bc4a10 Thread added: 0x0000019496bc4a10
Event: 1.339 Thread 0x00000194b9b4a3e0 Thread exited: 0x00000194b9b4a3e0
Event: 1.358 Thread 0x00000194b90441c0 Thread added: 0x00000194b9b4bc10
Event: 1.827 Thread 0x00000194bed3c4f0 Thread added: 0x00000194beecd740
Event: 2.329 Thread 0x00000194b9b4bc10 Thread exited: 0x00000194b9b4bc10


Dynamic libraries:
0x00007ff71d8c0000 - 0x00007ff71d8d0000 	C:\Program Files\Java\jdk-26.0.1\bin\java.exe
0x00007ffb6c720000 - 0x00007ffb6c987000 	C:\WINDOWS\SYSTEM32\ntdll.dll
0x00007ffb6bdc0000 - 0x00007ffb6be89000 	C:\WINDOWS\System32\KERNEL32.DLL
0x00007ffb692a0000 - 0x00007ffb69694000 	C:\WINDOWS\System32\KERNELBASE.dll
0x00007ffb6a1e0000 - 0x00007ffb6a32b000 	C:\WINDOWS\System32\ucrtbase.dll
0x00007ffb63820000 - 0x00007ffb6383e000 	C:\Program Files\Java\jdk-26.0.1\bin\VCRUNTIME140.dll
0x00007ffb63800000 - 0x00007ffb63817000 	C:\Program Files\Java\jdk-26.0.1\bin\jli.dll
0x00007ffb6aa30000 - 0x00007ffb6abf5000 	C:\WINDOWS\System32\USER32.dll
0x00007ffb48e80000 - 0x00007ffb49113000 	C:\WINDOWS\WinSxS\amd64_microsoft.windows.common-controls_6595b64144ccf1df_6.0.26100.8115_none_3e075c82e3354f9c\COMCTL32.dll
0x00007ffb696a0000 - 0x00007ffb696c7000 	C:\WINDOWS\System32\win32u.dll
0x00007ffb6a4f0000 - 0x00007ffb6a599000 	C:\WINDOWS\System32\msvcrt.dll
0x00007ffb6c4f0000 - 0x00007ffb6c51b000 	C:\WINDOWS\System32\GDI32.dll
0x00007ffb69f40000 - 0x00007ffb6a06b000 	C:\WINDOWS\System32\gdi32full.dll
0x00007ffb6a070000 - 0x00007ffb6a113000 	C:\WINDOWS\System32\msvcp_win.dll
0x00007ffb6a4b0000 - 0x00007ffb6a4e2000 	C:\WINDOWS\System32\IMM32.DLL
0x00007ffb637f0000 - 0x00007ffb637fc000 	C:\Program Files\Java\jdk-26.0.1\bin\vcruntime140_1.dll
0x00007ffb63760000 - 0x00007ffb637ed000 	C:\Program Files\Java\jdk-26.0.1\bin\msvcp140.dll
0x00007ffa9b8f0000 - 0x00007ffa9c7be000 	C:\Program Files\Java\jdk-26.0.1\bin\server\jvm.dll
0x00007ffb6b530000 - 0x00007ffb6b5e6000 	C:\WINDOWS\System32\ADVAPI32.dll
0x00007ffb6ad10000 - 0x00007ffb6adb7000 	C:\WINDOWS\System32\sechost.dll
0x00007ffb6be90000 - 0x00007ffb6bfa8000 	C:\WINDOWS\System32\RPCRT4.dll
0x00007ffb6b090000 - 0x00007ffb6b110000 	C:\WINDOWS\System32\WS2_32.dll
0x00007ffb68e70000 - 0x00007ffb68ece000 	C:\WINDOWS\SYSTEM32\POWRPROF.dll
0x00007ffb5dbb0000 - 0x00007ffb5dbe6000 	C:\WINDOWS\SYSTEM32\WINMM.dll
0x00007ffb58110000 - 0x00007ffb5811b000 	C:\WINDOWS\SYSTEM32\VERSION.dll
0x00007ffb68e50000 - 0x00007ffb68e64000 	C:\WINDOWS\SYSTEM32\UMPDC.dll
0x00007ffb67d40000 - 0x00007ffb67d5b000 	C:\WINDOWS\SYSTEM32\kernel.appcore.dll
0x00007ffb63750000 - 0x00007ffb6375a000 	C:\Program Files\Java\jdk-26.0.1\bin\jimage.dll
0x00007ffb67080000 - 0x00007ffb672c2000 	C:\WINDOWS\SYSTEM32\DBGHELP.DLL
0x00007ffb6b1a0000 - 0x00007ffb6b522000 	C:\WINDOWS\System32\combase.dll
0x00007ffb6af40000 - 0x00007ffb6b018000 	C:\WINDOWS\System32\OLEAUT32.dll
0x00007ffb56380000 - 0x00007ffb563bb000 	C:\WINDOWS\SYSTEM32\dbgcore.DLL
0x00007ffb69160000 - 0x00007ffb69205000 	C:\WINDOWS\System32\bcryptPrimitives.dll
0x00007ffb54160000 - 0x00007ffb5417f000 	C:\Program Files\Java\jdk-26.0.1\bin\java.dll
0x00007ffb6c520000 - 0x00007ffb6c6b7000 	C:\WINDOWS\System32\ole32.dll
0x00007ffb6b650000 - 0x00007ffb6bdb7000 	C:\WINDOWS\System32\SHELL32.dll
0x00007ffb68ff0000 - 0x00007ffb6915a000 	C:\WINDOWS\System32\wintypes.dll
0x00007ffb696d0000 - 0x00007ffb69f38000 	C:\WINDOWS\System32\windows.storage.dll
0x00007ffb6c300000 - 0x00007ffb6c3f8000 	C:\WINDOWS\System32\SHCORE.dll
0x00007ffb6b020000 - 0x00007ffb6b086000 	C:\WINDOWS\System32\shlwapi.dll
0x00007ffb68f10000 - 0x00007ffb68f39000 	C:\WINDOWS\SYSTEM32\profapi.dll
0x00007ffb4de50000 - 0x00007ffb4de62000 	C:\Program Files\Java\jdk-26.0.1\bin\net.dll
0x00007ffb68290000 - 0x00007ffb682fc000 	C:\WINDOWS\system32\mswsock.dll
0x00007ffb32030000 - 0x00007ffb32046000 	C:\Program Files\Java\jdk-26.0.1\bin\nio.dll
0x00007ffb300d0000 - 0x00007ffb300e7000 	C:\Program Files\Java\jdk-26.0.1\bin\zip.dll
0x00007ffb2c6a0000 - 0x00007ffb2c825000 	C:\Program Files\Java\jdk-26.0.1\bin\awt.dll
0x00007ffb663b0000 - 0x00007ffb6644f000 	C:\WINDOWS\SYSTEM32\apphelp.dll
0x00007ffb68690000 - 0x00007ffb686ab000 	C:\WINDOWS\SYSTEM32\CRYPTSP.dll
0x00007ffb67ca0000 - 0x00007ffb67cd9000 	C:\WINDOWS\system32\rsaenh.dll
0x00007ffb68340000 - 0x00007ffb68373000 	C:\WINDOWS\SYSTEM32\USERENV.dll
0x00007ffb68ee0000 - 0x00007ffb68f0a000 	C:\WINDOWS\SYSTEM32\bcrypt.dll
0x00007ffb684f0000 - 0x00007ffb684fc000 	C:\WINDOWS\SYSTEM32\CRYPTBASE.dll
0x00007ffb67720000 - 0x00007ffb67752000 	C:\WINDOWS\SYSTEM32\IPHLPAPI.DLL
0x00007ffb6c190000 - 0x00007ffb6c19a000 	C:\WINDOWS\System32\NSI.dll
0x00007ffb2cc50000 - 0x00007ffb2cd46000 	C:\Users\nancy\AppData\Local\Temp\sqlite-3.46.0.0-c2e9693b-fe89-4862-99f6-b433aadc57a3-sqlitejdbc.dll
0x00007ffb666d0000 - 0x00007ffb66779000 	C:\WINDOWS\system32\uxtheme.dll
0x00007ffb6c1a0000 - 0x00007ffb6c2fc000 	C:\WINDOWS\System32\MSCTF.dll
0x00007ffb667f0000 - 0x00007ffb6681f000 	C:\WINDOWS\system32\DWMAPI.DLL
0x00007ffb0eb80000 - 0x00007ffb0ec0b000 	C:\Program Files\Java\jdk-26.0.1\bin\freetype.dll
0x00007ffb0e9e0000 - 0x00007ffb0eacf000 	C:\Program Files\Java\jdk-26.0.1\bin\fontmanager.dll
0x00007ffb4d650000 - 0x00007ffb4d75f000 	C:\WINDOWS\system32\opengl32.dll
0x00007ffb52f90000 - 0x00007ffb52fbd000 	C:\WINDOWS\SYSTEM32\GLU32.dll
0x00007ffb66830000 - 0x00007ffb66873000 	C:\WINDOWS\SYSTEM32\dxcore.dll
0x00007ffb664a0000 - 0x00007ffb664a6000 	C:\Users\nancy\AppData\Local\Temp\flatlaf.temp\flatlaf-windows-x86_64-872488781155000.dll
0x00007ffb6adf0000 - 0x00007ffb6ae9e000 	C:\WINDOWS\System32\clbcatq.dll
0x00007ffb647a0000 - 0x00007ffb649ce000 	C:\WINDOWS\SYSTEM32\WindowsCodecs.dll
0x00007ffb430d0000 - 0x00007ffb4312a000 	C:\WINDOWS\system32\dataexchange.dll
0x00007ffb57a30000 - 0x00007ffb57c7d000 	C:\WINDOWS\system32\twinapi.appcore.dll
0x00007ffb63740000 - 0x00007ffb63747000 	C:\Program Files\Java\jdk-26.0.1\bin\jawt.dll
0x00007ffb4dbb0000 - 0x00007ffb4dcf8000 	C:\WINDOWS\SYSTEM32\textinputframework.dll
0x00007ffb4c0c0000 - 0x00007ffb4c4e0000 	C:\WINDOWS\SYSTEM32\uiautomationcore.dll
0x00007ffb437a0000 - 0x00007ffb43816000 	C:\WINDOWS\SYSTEM32\OLEACC.dll
0x00007ffb65a10000 - 0x00007ffb65b37000 	C:\WINDOWS\SYSTEM32\CoreMessaging.dll
0x00007ffb5fa50000 - 0x00007ffb5fd32000 	C:\WINDOWS\SYSTEM32\CoreUIComponents.dll
0x00007ffb61d50000 - 0x00007ffb61d60000 	C:\Program Files\Java\jdk-26.0.1\bin\verify.dll

JVMTI agents: none

dbghelp: loaded successfully - version: 4.0.5 - missing functions: none
symbol engine: initialized successfully - sym options: 0x614 - pdb path: .;C:\Program Files\Java\jdk-26.0.1\bin;C:\WINDOWS\SYSTEM32;C:\WINDOWS\WinSxS\amd64_microsoft.windows.common-controls_6595b64144ccf1df_6.0.26100.8115_none_3e075c82e3354f9c;C:\Program Files\Java\jdk-26.0.1\bin\server;C:\Users\nancy\AppData\Local\Temp;C:\Users\nancy\AppData\Local\Temp\flatlaf.temp

VM Arguments:
jvm_args: -XX:+ShowCodeDetailsInExceptionMessages 
java_command: InkVaultApp
java_class_path (initial): C:\Users\nancy\OneDrive\Documents\Test\Library\bin;c:\Users\nancy\OneDrive\Documents\Test\Library\lib\flatlaf.jar;c:\Users\nancy\OneDrive\Documents\Test\Library\lib\jbcrypt-0.4.jar;c:\Users\nancy\OneDrive\Documents\Test\Library\lib\slf4j-api-2.0.13.jar;c:\Users\nancy\OneDrive\Documents\Test\Library\lib\slf4j-nop-2.0.13.jar;c:\Users\nancy\OneDrive\Documents\Test\Library\lib\sqlite-jdbc-3.46.0.0.jar
Launcher Type: SUN_STANDARD

[Global flags]
     bool AOTAdapterCaching                        = false                                  {diagnostic} {ergonomic}
     bool AOTInvokeDynamicLinking                  = false                                  {diagnostic} {ergonomic}
     bool AOTRecordTraining                        = false                                  {diagnostic} {ergonomic}
     bool AOTReplayTraining                        = false                                  {diagnostic} {ergonomic}
     bool AOTStubCaching                           = false                                  {diagnostic} {ergonomic}
     intx CICompilerCount                          = 4                                         {product} {ergonomic}
     uint ConcGCThreads                            = 2                                         {product} {ergonomic}
     uint G1ConcRefinementThreads                  = 8                                         {product} {ergonomic}
     uint G1EagerReclaimRemSetThreshold            = 16                                   {experimental} {ergonomic}
   size_t G1HeapRegionSize                         = 2097152                                   {product} {ergonomic}
     uint G1RemSetArrayOfCardsEntries              = 16                                   {experimental} {ergonomic}
     uint G1RemSetHowlMaxNumBuckets                = 8                                    {experimental} {ergonomic}
     uint G1RemSetHowlNumBuckets                   = 8                                    {experimental} {ergonomic}
   size_t InitialHeapSize                          = 8388608                                   {product} {ergonomic}
     bool IntelJccErratumMitigation                = false                             {ARCH diagnostic} {ergonomic}
   size_t MarkStackSize                            = 4194304                                   {product} {ergonomic}
   size_t MarkStackSizeMax                         = 536870912                                 {product} {ergonomic}
   size_t MaxHeapSize                              = 4223664128                                {product} {ergonomic}
   size_t MaxNewSize                               = 2533359616                                {product} {ergonomic}
 uint64_t MaxRAM                                   = 16889188352                               {product} {ergonomic}
   size_t MinHeapDeltaBytes                        = 2097152                                   {product} {ergonomic}
   size_t MinHeapSize                              = 8388608                                   {product} {ergonomic}
   size_t NonNMethodCodeHeapSize                   = 5898240                                {pd product} {ergonomic}
   size_t NonProfiledCodeHeapSize                  = 122945536                              {pd product} {ergonomic}
   size_t ProfiledCodeHeapSize                     = 122945536                              {pd product} {ergonomic}
   size_t ReservedCodeCacheSize                    = 251789312                              {pd product} {ergonomic}
     bool SegmentedCodeCache                       = true                                      {product} {ergonomic}
     bool ShowCodeDetailsInExceptionMessages       = true                                   {manageable} {command line}
   size_t SoftMaxHeapSize                          = 4223664128                             {manageable} {ergonomic}
     bool UseCompressedOops                        = true                           {product lp64_product} {ergonomic}
     bool UseCondCardMark                          = true                                      {product} {ergonomic}
     bool UseFastUnorderedTimeStamps               = true                                 {experimental} {ergonomic}
     bool UseG1GC                                  = true                                      {product} {ergonomic}
     bool UseLargePagesIndividualAllocation        = false                                  {pd product} {ergonomic}
      int X86ICacheSync                            = 3                                 {ARCH diagnostic} {ergonomic}

Logging:
Log output configuration:
 #0: stdout all=warning uptime,level,tags foldmultilines=false
 #1: stderr all=off uptime,level,tags foldmultilines=false

Release file:
<release file has not been read>
Environment Variables:
PATH=c:\Users\nancy\AppData\Roaming\Code\User\globalStorage\github.copilot-chat\debugCommand;c:\Users\nancy\AppData\Roaming\Code\User\globalStorage\github.copilot-chat\copilotCli;C:\Program Files (x86)\Common Files\Oracle\Java\java8path;C:\Program Files (x86)\Common Files\Oracle\Java\javapath;C:\Python314\Scripts\;C:\Python314\;C:\ProgramData\Oracle\Java\javapath;C:\WINDOWS\system32;C:\WINDOWS;C:\WINDOWS\System32\Wbem;C:\WINDOWS\System32\WindowsPowerShell\v1.0\;C:\WINDOWS\System32\OpenSSH\;C:\Program Files\dotnet\;C:\Program Files\nodejs;C:\xampp\php;C:\ProgramData\ComposerSetup\bin;C:\Program Files\PuTTY\;C:\Program Files\Git\cmd;C:\Program Files\nodejs\;C:\ProgramData\chocolatey\bin;C:\Users\nancy\AppData\Roaming\Python\Python314\Scripts;C:\Program Files (x86)\Windows Kits\10\Windows Performance Toolkit\;C:\Program Files\Docker\Docker\resources\bin;C:\Program Files\Java\jdk-26.0.1\bin;C:\Users\nancy\AppData\Local\Programs\Python\Python311\Scripts\;C:\Users\nancy\AppData\Local\Programs\Python\Python311\;C:\Users\nancy\AppData\Local\Microsoft\WindowsApps;C:\Users\nancy\AppData\Local\Programs\Microsoft VS Code\bin;C:\xampp\php;C:\Program Files\nodejs;C:\Users\nancy\AppData\Roaming\Composer\vendor\bin;C:\Users\nancy\AppData\Roaming\npm;C:\Users\nancy\AppData\Roaming\Python\Python314\Scripts;C:\msys64\ucrt64\bin;C:\Users\nancy\AppData\Local\Programs\Kiro\bin;C:\Users\nancy\AppData\Local\Programs\Antigravity\bin;C:\Program Files\Java\jdk-26.0.1\bin;c:\Users\nancy\.vscode\extensions\vscjava.vscode-java-debug-0.59.0\bundled\scripts\noConfigScripts
USERNAME=nancy
LANG=en_US.UTF-8
OS=Windows_NT
PROCESSOR_IDENTIFIER=Intel64 Family 6 Model 140 Stepping 1, GenuineIntel
TMP=C:\Users\nancy\AppData\Local\Temp
TEMP=C:\Users\nancy\AppData\Local\Temp




Compilation memory statistics disabled.

Periodic native trim disabled

---------------  S Y S T E M  ---------------

OS:
 Windows 11 , 64 bit Build 26100 (10.0.26100.8246)
OS uptime: 1 days 0:14 hours
Hyper-V role detected

CPU: total 8 (initial active 8) (4 cores per cpu, 2 threads per core) family 6 model 140 stepping 1 microcode 0xbe, cx8, cmov, fxsr, ht, mmx, 3dnowpref, sse, sse2, sse3, ssse3, sse4.1, sse4.2, popcnt, lzcnt, tsc, tscinvbit, avx, avx2, aes, erms, clmul, bmi1, bmi2, adx, avx512f, avx512dq, avx512cd, avx512bw, avx512vl, sha, fma, vzeroupper, avx512_vpopcntdq, avx512_vpclmulqdq, avx512_vaes, avx512_vnni, clflush, clflushopt, clwb, avx512_vbmi2, avx512_vbmi, hv, rdtscp, rdpid, fsrm, gfni, avx512_bitalg, f16c, cet_ibt, cet_ss, avx512_ifma
Processor Information for the first 8 processors :
  Max Mhz: 1805, Current Mhz: 1805, Mhz Limit: 1805

Memory: 4k page, system-wide physical 16106M (2707M free)
TotalPageFile size 23274M (AvailPageFile size 2227M)
current process WorkingSet (physical memory assigned to process): 109M, peak: 118M
current process commit charge ("private bytes"): 136M, peak: 147M

vm_info: Java HotSpot(TM) 64-Bit Server VM (26.0.1+8-34) for windows-amd64 JRE (26.0.1+8-34), built on 2026-03-10T17:24:10Z with MS VC++ 17.13 (VS2022)

END.
